6204,James,Curry,0.8261871983
82,Brittani,Carrico,0.9100949836
944,Herbert,Bolin,0.7265520587
4806,Jason,Dietrich,0.4715910109
6775,Jessica,Servais,0.7415194092
9586,Lauren,Big,0.7721115425
7663,John,Butcher,0.7590402178
4331,Stephanie,Orme,0.6720185613
9467,Carl,Mcginnis,0.3234554888
6590,John,Blessing,0.2758333585
5947,Kirsten,Theobald,0.5095459323
7100,Diane,Meisel,0.2216612773
3585,Kevin,Barnes,0.0519363019
8214,Darren,Chambers,0.8296971335
3140,Paul,Wood,0.5193268927
7685,Felipe,Andrews,0.1881682198
9478,Kellie,Castro,0.1520557071
3523,Damion,Gale,0.0564220969
2883,Harold,Ray,0.0646580176
4117,Charlotte,King,0.9860527546
7140,Marie,Christian,0.4774743654
3804,Inez,Martin,0.2120913882
9488,Kent,Goldberg,0.9751879235
5260,Steven,Jones,0.809292671
5862,Chester,Trent,0.3800915368
3123,Brian,Rios,0.2616128065
949,Walter,Matheny,0.0211698576
1358,Edna,Novak,0.2915792477
3840,Clarence,Montague,0.2491862986
990,Maria,Steele,0.9411457111
7123,James,Hodges,0.5069402494
8735,Marie,Williams,0.4346918806
2989,Elizabeth,Fasano,0.4316159771
5428,Yolanda,Cunningham,0.1157613134
8873,Steve,Bridges,0.3869432723
1126,Veronica,Ewing,0.5380620596
80,Effie,Deleon,0.3590856621
3391,Bobbie,Padilla,0.5571915382
7282,Marisol,Trujillo,0.705522174
947,Nicholas,Denning,0.9664982853
850,Amy,Nelson,0.0589259688
6658,Ryan,Cortez,0.0495926836
8167,Rita,Thompson,0.4342457266
4191,Kathryn,Adam,0.5396292289
6463,Jackie,Dunning,0.0204314748
8952,Glenn,Johnston,0.6789734683
9008,Elizabeth,Herrera,0.0949182424
3245,Henry,Beaver,0.3621054834
5349,Jeanette,Groner,0.7493148625
8159,Mary,Leone,0.6564093872
7932,Steve,Large,0.8703160577
2529,Paige,Smith,0.2342244724
2990,Charles,Engle,0.1028598486
5192,Shannon,Mccarty,0.8194727658
4351,Kevin,Thompson,0.7195230413
6605,Joshua,James,0.2158356411
7214,Jo,Colson,0.4074381846
9628,Barbara,Robinson,0.9974701123
5855,James,Bahr,0.3480276745
5490,Vincent,Palacios,0.0704599931
71,Katrina,Lor,0.0976839571
5769,Bonnie,Ivers,0.6269871406
3713,Dominic,Thrift,0.2512854829
1368,John,Terry,0.4505235956
805,Rosalie,Clark,0.8751579798
4527,Stanley,Anders,0.4369983543
6980,Matthew,Holland,0.7656827904
6313,Vicki,Gray,0.4153192968
4101,Gregory,Emmons,0.3244971484
8256,Aaron,Avila,0.3303979947
8554,Pa,Chapman,0.4444926148
5841,Gary,Manly,0.2800081372
9731,Jonathan,Beal,0.6279628209
1791,Brenda,Niven,0.7291654081
933,Pauline,White,0.3711143404
6805,Mervin,Macomber,0.8390817689
5404,Jane,Silva,0.9770863031
542,Serena,Benton,0.0576798175
2805,Julia,Mills,0.3874439243
3215,Matt,Green,0.9887335678
6572,Julia,Wilson,0.6546406655
5882,Kerry,Webb,0.9774248018
7538,Micheal,Fernandez,0.9920155758
6693,Shane,Hill,0.8450175563
4487,Michael,Davis,0.1302245909
9833,James,Mcghee,0.1462829749
7669,Tara,Billie,0.9208924084
6938,Patricia,Cunningham,0.5666142206
4949,Paul,Alvarado,0.2866476469
4066,Betsy,Lewis,0.8754100767
1946,Catherine,Jordan,0.0223354548
6587,Cody,Jesus,0.4497686236
4429,Gregory,Smith,0.7731656495
139,Jacelyn,Lord,0.6049443954
3015,Curtis,Lott,0.2731912809
7707,Cheri,Patterson,0.9880669257
6484,Oscar,Floyd,0.0544470118
4992,Beverly,Dry,0.6221622862
6638,Morris,Henderson,0.0254935038
1319,Richard,Irving,0.4082672102
9328,Joseph,Estes,0.0798071208
3514,Caroline,Maus,0.2042010827
6471,Richie,Rose,0.4721943059
5741,Cecil,Evert,0.2198388057
1092,Edith,Duggan,0.2193611644
3568,Judy,Hankinson,0.7828312647
6542,Jorge,Williamson,0.1306865658
767,Don,Fischer,0.4372293032
7892,Jennifer,Webster,0.5071050769
837,William,Johnson,0.638723457
8007,Karen,Dunphy,0.7370978589
2442,Mary,Rivera,0.5903731454
3259,Anthony,Mckain,0.0701366384
1383,John,Silvas,0.5921585807
7231,Rebecca,Harvey,0.8654472101
9030,Hayley,Trumbo,0.6719020784
6161,Ronald,Smith,0.6775449351
6430,Kelly,Payne,0.2086168905
1451,Dennis,Sell,0.564774605
7208,Michelle,Medeiros,0.8256804938
2478,Jeffrey,Martin,0.514291707
6825,William,Dillon,0.482996817
7781,Ethan,Leung,0.4078934113
9521,Thomas,Rubin,0.6403203814
3266,Edward,Lunceford,0.1099369675
9576,Mary,Donnelly,0.6744577659
7993,William,Acosta,0.2054140277
174,Lisa,Fox,0.9643172037
6500,Shaunna,Clark,0.0151921229
7122,Alberto,Stewart,0.2474363067
2524,Raul,Finch,0.4662412477
8050,James,Carlyle,0.3408243281
8756,Debra,Brown,0.1713081135
4042,Clifford,Carter,0.0394245072
8374,Cleveland,Courts,0.1293044453
8671,Heather,Selden,0.9689249226
3640,Mitzi,Garcia,0.7753056055
8765,Joshua,Smith,0.8069650359
3473,Janice,Andrews,0.078123769
9627,Deanna,Martin,0.5058776422
8108,Lauren,Doe,0.4177920041
2427,Virginia,Owens,0.180825636
728,Shelly,Campbell,0.5944889295
6343,Alphonso,Powell,0.6409891637
3683,Eva,Nelson,0.2061038769
4878,Morris,Marone,0.4821806608
9766,Russell,Melton,0.2782372823
5031,Michael,Garcia,0.5885519169
6732,Andrew,Bilderback,0.9270159064
4070,Catherine,Seddon,0.8418343959
7133,Charles,Clyde,0.349223021
7594,Barbara,Henry,0.4891155707
2507,Andrea,Jenkins,0.3738348621
7666,Jack,Bandy,0.4946970018
2060,Kirk,Baltazar,0.8442083525
9198,Ruby,Millner,0.4492229007
5414,Deborah,Smith,0.5779644314
7754,Clark,Kelley,0.5608421487
7672,Donna,Chin,0.6077079519
9393,David,Glynn,0.1663092347
8013,Deborah,Solari,0.1484247053
6265,Kate,Rodriguez,0.327332902
7241,Claire,Gass,0.0845338511
9496,Thomas,Turner,0.5394534403
8963,Emanuel,Blackwell,0.3529735254
8909,Christine,Strawn,0.8569968941
4353,Lisa,Barney,0.9033586858
7591,Andrea,Smith,0.3674514566
8816,Roger,Sykes,0.0544180302
9973,Kathrine,Garrard,0.8113753118
1397,Carly,Mcdaniel,0.8948683355
23,Nelson,Caceres,0.1964923267
3806,Anthony,Hilbert,0.1723720417
1654,Cindy,Lanier,0.679482165
1556,Hector,Gulick,0.3786388962
4666,Jimmy,Phair,0.3268068735
4914,David,Cardenas,0.5932895725
6462,Latonya,Johnson,0.9395613475
8476,Kimberly,Noel,0.3662779292
4477,Rosemarie,Hollis,0.0664969867
8464,Ruth,Drees,0.9519953514
6508,Michelle,North,0.9387821036
1884,Jennifer,Springer,0.9086036794
2445,Johnnie,Shea,0.5281921467
4322,James,Neill,0.1781855391
9345,Donald,Mcanulty,0.6946185546
4492,Christopher,Hall,0.3515248753
294,Anne,Gaines,0.4279262701
7565,Richard,Fernandez,0.2508584685
4363,Charles,Behne,0.7589521022
4440,Wendy,Cotton,0.8053086007
4559,Andrea,Tabares,0.0804338034
4203,Michael,Fairbank,0.5288023916
2680,Connie,Leath,0.9769549719
1168,Grady,Wetzel,0.0435536902
6127,Javier,Warden,0.4160136308
1181,Mike,Roberts,0.5993521903
3902,Dustin,Mckinney,0.0528657609
6820,Anthony,Irvin,0.6341223796
2079,Steven,Nunez,0.6681219526
6010,Raymond,Schmidt,0.5120415546
9574,John,Gordon,0.3435339115
576,Danny,Markowski,0.9044365776
7313,Lyn,Bennett,0.2243893915
4816,Kimberly,Browning,0.7202909023
7115,Joe,Wenz,0.327625012
9021,Robert,Sealy,0.9144077948
8379,Troy,Barber,0.4108164203
9499,Debra,Pratt,0.8564805018
9611,Tori,Patrick,0.0298393595
4668,Debbie,Donoghue,0.1517761387
5700,Joshua,Robertson,0.818210247
3827,Betty,Lemley,0.3232163261
2877,Alexander,Myles,0.836593878
9829,Shawna,Williams,0.9266775681
1559,Patricia,Enoch,0.6681832464
3847,Lorriane,Shelton,0.8558369891
2081,David,Engler,0.2406073238
7044,Zelda,Brown,0.4496732932
3599,Hobert,Mccoy,0.7108067849
2323,Julianne,Wofford,0.5890766161
6294,Barbara,Bilodeau,0.2713522527
3900,Mary,Stanfill,0.4151025338
1832,Maria,Robertson,0.797086474
8132,Cindy,Serrano,0.2669813726
8121,Byron,Ogata,0.1523336009
4797,Jonathan,Boyd,0.5205509425
299,Larry,Thomas,0.0349566725
5926,Gwen,Vanhoose,0.8660104934
5287,Barbara,Parks,0.3719078193
6341,William,Moore,0.0903113317
8522,Ernest,Green,0.5285824437
5675,Edmundo,Isom,0.9693434767
8360,Anissa,Bowden,0.0281768977
7339,Glenn,Isaac,0.5569601255
8142,Theodore,Schilling,0.3162179398
5233,Tim,Mallard,0.1283659297
3118,Edward,Potter,0.4390366902
2440,Donald,Allen,0.1444331433
3023,Margaret,Martinez,0.6241089234
6596,Hedwig,Morris,0.3667922732
9149,Anna,Holt,0.3623270991
154,Katharine,Crites,0.4545676841
8099,Daniel,Giles,0.4166290357
7521,Crystal,Thomas,0.9176939283
1264,Colleen,Hill,0.6677193949
1173,Mitchell,Mann,0.7638462584
5471,Irene,Mathis,0.4953282869
5352,Jude,Painter,0.2514803286
522,Patricia,Bowden,0.5986270043
127,Karyl,Jones,0.4575238023
6481,Lynn,Herrera,0.7527241139
4882,Michael,Shutts,0.4152505777
3456,Derrick,Wysong,0.4273852734
6609,Kenneth,Martinez,0.2833414432
1813,Margie,Starr,0.202699329
9209,Daniel,Martin,0.2364090399
3139,Donald,Murray,0.6215047219
9011,Willie,Hyland,0.6900391351
3220,Evette,Oldenburg,0.5279493702
5163,Alicia,Shepard,0.1675128203
163,Clement,Butler,0.0166910116
3036,Robert,Meinhardt,0.2025173672
3365,Peter,Richardson,0.2290487175
9063,Andrew,Portillo,0.7078949178
510,Marco,Torrez,0.1040059868
1547,Tara,Jones,0.3815300709
4828,Candy,Johnson,0.1840434715
8675,Rodney,Ward,0.0314305702
2752,Cyril,Mckenzie,0.0941452428
8788,Alberta,Espino,0.3397012099
9803,Kevin,Barclay,0.355850142
7569,Albert,Hamm,0.562251366
7400,Jason,Williams,0.1198405221
7101,Jamie,Jones,0.5974512424
8745,Woodrow,Green,0.711327296
8330,Candy,Garcia,0.2605989072
1975,Leonard,Lynch,0.2790764056
9318,Janet,Spencer,0.0719125236
3588,Diana,Hooper,0.3980249772
5801,Janis,Green,0.8435285788
6424,Shannon,Blackwell,0.6940765623
4986,John,Oneil,0.3890076319
5921,Talisha,Southerland,0.4470516639
3916,Tressa,Saxon,0.5083552648
7913,Dawn,Mera,0.6368500225
6052,Russell,Trail,0.7139362914
1249,Steven,Dameron,0.9096251042
5253,Michael,Holdsworth,0.1834707647
9935,Susan,Merritt,0.3743036853
210,David,Vance,0.5161578406
5459,Shana,Brown,0.7923406183
866,Christopher,Mejia,0.749060248
5866,Donna,Griffis,0.5244932729
4961,Tommy,Barlowe,0.7630928166
5747,Clyde,Schaub,0.2438256664
893,James,Storms,0.1729073366
6973,Tina,Roberts,0.5287810441
3610,Mary,Donovan,0.4821280041
5420,Frances,Brown,0.2164194698
5371,Karen,Boutin,0.8599338669
8032,Jamie,Harrell,0.5660889724
8634,Kathy,Erskine,0.9491958488
316,Luis,Erlandson,0.8607729205
208,James,Cabrera,0.6807459332
7626,Richard,Duhart,0.9568271483
2676,Christine,Arnold,0.8969140828
8001,Michelle,Friel,0.6872286978
50,Sheri,Martin,0.4844438347
9898,Joyce,Vaccaro,0.4836265692
1189,Gabriel,Madison,0.2809205402
3147,Christa,Tolliver,0.2278347826
1174,Richard,Sierra,0.958921894
3661,Richard,Burns,0.0778812473
2948,Debbie,Ortega,0.1684640774
1830,Marilyn,Byford,0.9467999616
8254,Robert,Navarrete,0.2794454165
4364,Christina,Caton,0.4833891336
8948,Gayle,Coyle,0.461306883
9126,Sherri,Hart,0.7688356817
1825,Mellissa,Rhodes,0.6274885589
1323,Amanda,Clark,0.8506813131
4690,Luis,Tapia,0.8290420715
30,Joseph,Brewer,0.9325187786
8046,Viva,Gross,0.1220269992
5567,Alfred,Mcdonald,0.9203792252
352,Allan,Hyde,0.2567899886
1589,Guadalupe,Pacheco,0.5130012315
791,Walker,Smart,0.3295418955
3503,Lou,Tunnell,0.2486967449
8136,John,Valdez,0.5255844565
5789,Heather,Grady,0.4149614342
27,Salvador,Turner,0.2080021098
6449,Kenneth,Brown,0.8050158699
9817,Pamela,Driver,0.6153434063
8083,Jewell,Gale,0.8151235804
3766,David,Morgan,0.0116730863
2096,Mable,Lundy,0.522991281
5622,Rosalie,Clarke,0.0719695392
6347,Don,Cannon,0.6389384419
1195,Roland,Howell,0.7032996931
2415,Justin,Bush,0.4716255658
7770,Chad,Castro,0.0639468711
1965,Christi,Burton,0.3183232585
223,Patria,Adams,0.7859993072
9384,Wanda,Barclay,0.1144991689
1715,Carl,Green,0.0195785153
7924,Lee,Westcott,0.4829840765
4024,Robert,Boaz,0.5791392806
3792,Ellen,Ardoin,0.2569551002
1900,Brenda,Jackson,0.6482819431
5970,Jenny,Walton,0.5721514546
5718,Mary,Hester,0.2761389685
6827,Thomas,Campbell,0.6153013718
8564,Matthew,Blizzard,0.201498244
772,Marcia,Calderon,0.8885710395
6357,Eddie,Gage,0.7255835468
1428,Susan,Douglas,0.3725237278
6334,Kevin,George,0.8008033135
393,Wendy,Jameson,0.5080841698
2349,Gwendolyn,Burnham,0.0654763635
7756,Dorothy,Beebe,0.212807358
1774,Henry,Wahl,0.4777135088
1899,Gertrude,Mcdonald,0.6942303278
6875,Alma,Snow,0.5712083525
8676,Rachel,Johnston,0.7605508443
4583,Rose,Virgin,0.8862811334
5329,John,Trice,0.7806633194
5190,William,Thomas,0.988679047
7635,Dorla,Sears,0.4632936965
8839,Theresa,Mcfarlane,0.7207937436
6803,Chris,Baldwin,0.313290579
6389,Joseph,Carter,0.2975689073
9259,Pedro,Brighton,0.7299309536
6817,Ian,Sharpless,0.5510091383
2985,Jeremy,Wilson,0.3544373221
3584,Mary,Wolff,0.4515770129
2589,Patricia,Ross,0.1290977311
8615,Stephanie,Doran,0.1945955595
1051,Delia,Wortman,0.6000855267
924,William,Acord,0.1919896961
4672,Alicia,Wakefield,0.0760332642
6442,George,Box,0.3237384006
1780,Ronald,Adams,0.6817955049
2865,William,Holbert,0.8944781681
8150,Irene,Woods,0.0278186202
2434,Karyn,Neal,0.6978451852
5521,Carol,Fuchs,0.2090900927
1875,Dinah,Swenson,0.9603053492
819,Jon,Spencer,0.543158778
875,Janet,Thiel,0.9242439021
5285,Jerry,Marler,0.1428383242
5197,Linda,Hargett,0.9532361589
5845,Barbara,Schell,0.6016327748
9177,Andre,Carreon,0.5706103973
5136,Daisy,Hoang,0.8024176923
6325,Tommie,Forbes,0.655912278
9804,Rodney,Schmidt,0.9542438528
3717,Brian,Pieper,0.8310091398
7188,Willie,Sampson,0.4711712389
1445,Larry,Ybarra,0.2400166418
1671,Catherine,Robles,0.5530530417
6025,Jean,Barbagallo,0.6694952853
4365,Walter,Fulmer,0.9398465138
1235,Charles,Numbers,0.3535524653
8859,Jason,King,0.0268932593
9298,Jack,Weintraub,0.4456445752
5671,Eileen,Bowe,0.0832235636
7905,Susan,Daugherty,0.1625804179
343,Gayle,Smith,0.1570278669
686,Geraldine,Brown,0.8329922359
6486,Gerardo,Chenault,0.4061632948
9551,Neoma,Chiasson,0.0797951468
7948,Thelma,Wise,0.5804658777
1605,Robert,Galloway,0.03490407
8705,Thomas,Shaeffer,0.2650194019
2248,Nancy,Johnson,0.7639708193
1885,Frank,Edwards,0.2635112091
2340,Barbara,Foster,0.5949882688
2010,Roger,Lawler,0.1541266551
450,Eva,Sneed,0.1006189995
4188,James,Walker,0.2781875401
9858,Bernard,Cunningham,0.1544307813
5786,Joseph,Hunter,0.9280635803
388,Cheryl,Hassler,0.1452414331
1023,Edwin,Stafford,0.4054814968
6018,Elizabeth,Harms,0.7185093099
2019,Ann,Johnson,0.6331646442
1917,Bobby,Galasso,0.616401023
1753,Jason,Butler,0.743497856
1401,Don,Taylor,0.5370121473
1893,Krista,Whang,0.2442251125
6937,Michael,Graff,0.2301204584
7726,Renee,Cunningham,0.6924483625
8141,Frank,Martinez,0.3434208054
8436,Tracy,Martinez,0.0647072529
861,Nikita,Ray,0.221850777
9419,Vernon,Jacobs,0.7938054549
3101,Sandra,Stanley,0.5989541372
1513,Ruth,Clabaugh,0.4626100473
9617,Regina,Saucedo,0.6003766502
2191,Melvin,Walsh,0.7180685287
5509,Ann,Coon,0.2012198586
8079,Kieth,Bernardino,0.7119970697
1952,Suzanne,Morales,0.2235710262
9852,Nina,Williams,0.2526413379
2863,Ellen,Cross,0.3882738745
2290,Kathleen,Cieslak,0.0508559579
1829,Grace,Moore,0.0897033433
8301,Dawn,Huskey,0.7124903544
5357,John,Thao,0.1551241053
3039,Phillip,Walters,0.7866993388
2873,Justine,Ferguson,0.1983899509
3091,Judy,Cuthbert,0.5614485552
9677,John,Brown,0.9897525252
2888,Julia,Kessinger,0.5729403796
9373,Esteban,Alcantara,0.6094637082
362,Gabriel,Smith,0.9589069714
2626,Rose,Almanza,0.4965916222
8344,Diane,Neuhaus,0.126352356
1971,Clifford,Leone,0.6799547027
9612,William,Mcclung,0.6658960544
1301,Ralph,Mcmahon,0.7153484328
7897,Vanessa,Chambers,0.5885126037
2528,Kevin,Dillard,0.9779206354
437,Jamie,Patchen,0.4431851418
5940,Lorena,Fuller,0.1780510275
9882,Irene,Berg,0.8555635295
727,Karen,Kehl,0.5302207549
1080,Jorge,Goods,0.1272498148
7355,Amanda,Hall,0.9040090353
528,Michael,Minch,0.4694822181
4682,Robert,Field,0.0959363275
5906,Christopher,Gibson,0.3330282595
8958,Charles,Felten,0.3130904958
2273,Terry,Bevilacqua,0.6999818992
4529,Kelly,Avendano,0.4417104933
3061,Tanya,Mason,0.137556762
9300,Sarah,Hall,0.7145927798
1582,Carla,Hall,0.7671220745
6066,Willard,Carter,0.6698304107
5366,Mary,Haack,0.4884435344
1535,Sue,Stanley,0.1857033563
2629,Mathew,Haugland,0.6942645654
2322,Terry,Hassan,0.2805900704
7665,James,Foerster,0.158016877
3968,Mellissa,Johnson,0.7259504779
1617,Kevin,Clark,0.659138178
2633,Michael,Baily,0.63202265
134,Natalie,Silvester,0.1433905084
4164,Ruth,Harris,0.057175237
7725,Kelly,Banks,0.6885350633
1262,Maureen,Brewer,0.6555566136
8588,James,King,0.6655450047
4960,Elenor,Davis,0.7743290416
7775,Rosaura,Santee,0.3348945682
9075,Richard,Grady,0.8354105961
4569,Justin,Hopkins,0.8457139735
1615,Agnes,Ryan,0.3354180311
3119,Cora,Macdonald,0.557339781
7368,Shauna,Vernon,0.6607531141
6217,Rae,Lozano,0.0797621906
7090,Ada,Welch,0.1091147086
3686,Amanda,Insley,0.7045412476
8482,Fallon,Jackson,0.5307056152
3445,Julie,Larson,0.1573002376
474,Juanita,Swanson,0.8324550171
884,Mable,Staub,0.4902830662
5557,Helen,Marshall,0.0146022399
73,Carol,Evens,0.9092010648
7073,Belle,Alston,0.9048426263
9778,Benny,Wilder,0.5247967038
2732,Stephanie,Petersen,0.6005869526
8695,Billy,Shipley,0.9202874522
4063,Katheleen,Davis,0.3771788634
8183,Jimmy,Lin,0.3655065696
4204,Bruce,Mayor,0.2931212327
6379,Shirley,Mcgill,0.9500521128
8631,Andrea,Simon,0.5741109466
25,Julie,Harrison,0.8085891251
476,Emma,Thompson,0.4490552079
3889,George,Burton,0.8273121475
7079,William,Pinion,0.2053600575
1804,Dwayne,Aliff,0.5158682046
9816,Dennis,Summers,0.0291586262
6266,Diane,New,0.1871973309
3089,Edwin,Johnson,0.7951253878
3822,Michelle,James,0.5512586425
3121,Joan,Johansen,0.5490910627
9223,Darlene,Lilley,0.767381541
2080,Chris,Piper,0.7582988436
4771,Anthony,Lowder,0.4061634438
1244,Marc,Hernandez,0.1935423326
3364,Thomas,Boyter,0.8222100369
8123,Rosie,Thompson,0.221289047
7431,Edward,Turner,0.6824523811
8771,Ana,Kirk,0.8146593727
3670,Jerome,Barrett,0.2905637643
3794,Sally,James,0.0266764099
3651,Betty,Combs,0.1846259111
7546,Julie,Emerick,0.7388748028
6758,John,Richards,0.1780752419
7780,Ray,Hardy,0.9722358768
1201,Thelma,Ambrose,0.7161002564
2366,Clemmie,Allen,0.5396302098
7776,Harold,Childs,0.1332224237
7438,Helen,Smith,0.0850639774
3960,Doris,Harris,0.2872211474
8975,Ilse,Oyola,0.2729036948
647,Janet,Hensley,0.0749301563
7334,Robert,Deleon,0.3709536351
4956,Geralyn,Canada,0.4355687201
2855,Rochelle,Lopez,0.5376603657
5908,Mindy,Howell,0.2734941971
2265,Theresa,Fox,0.8621221753
4156,Stacy,Smith,0.9055965638
4820,Marie,Taylor,0.6250028231
1102,Carie,Hoskin,0.1458888389
7055,Katherine,Shaw,0.5069966179
1379,Judith,Parmer,0.9460185042
6397,Edward,Rodriguez,0.4360947479
3372,Houston,Lee,0.8274314716
3298,Lila,Vanek,0.8020390391
438,Paul,Ha,0.9990747841
5590,Howard,Pham,0.5244098816
6823,Curtis,Bailey,0.5273200436
1937,Maria,Munson,0.0257421699
9735,Carol,Gregory,0.8067296091
5874,Dominic,Sanderson,0.1260746664
9692,Stacy,Knopp,0.9592363613
8305,Esther,Burke,0.2574444923
9659,Martha,Gallegos,0.142843154
9965,Augusta,Minyard,0.6925960644
8803,Jeffrey,Whitehead,0.8807633913
8710,Erwin,Wright,0.0045211995
2927,William,Gardner,0.9930216556
3905,Adam,Lawson,0.9447527062
7983,Judy,Harris,0.7387035631
4296,Douglas,Camp,0.700678664
1208,Anthony,Still,0.2746278448
9275,Cheryl,Dooley,0.6591037167
7794,Flora,Krier,0.257992164
514,Jennifer,Sanchez,0.6442018286
6498,Martha,Scanlon,0.0988883716
1339,Michael,Sanchez,0.1529868951
6244,Kimberly,Dame,0.3127108037
1222,Catherine,Smith,0.6829161954
8265,Mary,Taylor,0.5699592417
9285,Justin,Harris,0.5722729338
2761,Claire,Merritt,0.2514680354
3299,Bernice,Tippett,0.328421267
3721,Dolores,Young,0.3085001349
371,Stacey,Sanderson,0.9772354001
1124,Stephen,Thomas,0.9694684187
8328,Lance,Cole,0.2918929276
1924,William,Owens,0.6650268293
682,Cleopatra,Oconnor,0.3867125921
7674,Roger,Buckingham,0.497413469
5345,Matthew,Ingram,0.0864665906
5405,Raymond,Moore,0.9361665132
349,Donna,Schipper,0.2542870007
5626,Toby,Yap,0.3343983323
6749,Crystal,Lambert,0.9822635099
4903,Josiah,Harvey,0.5655906028
4571,Kelly,Flores,0.0399362443
810,Nicholas,Campbell,0.1782448057
3911,Daniel,Mccabe,0.7627266648
8131,Connie,Reilly,0.8131092717
6417,Bryan,Smith,0.7667152379
5883,Robert,Keller,0.2647759295
6903,James,Wilson,0.2456481173
6849,Michael,Faircloth,0.0074385055
3569,Mary,Baughn,0.6471915441
7458,David,Baldree,0.4968974444
3923,Jennifer,Yazzie,0.7201481557
8104,Clifton,Posey,0.157912232
2087,Mary,Wood,0.5630825092
6536,Kevin,Salmons,0.5112034201
4215,Carla,Acosta,0.5032144156
1105,Laura,Lowe,0.1984148452
5767,Joseph,Krueger,0.860782481
3614,Joseph,Robinett,0.9040289198
2525,Juanita,Clayton,0.3412245489
308,Isaac,Shah,0.4688137597
1175,Guillermo,Yale,0.5178911898
7668,Mary,Duffy,0.9120836093
6414,Amy,Lott,0.7658794192
5004,Matt,Levy,0.5549680456
135,Yun,Williams,0.2016275956
9736,Rosalie,Harvey,0.8234050095
4282,Alan,Cheng,0.0221573233
150,Pedro,Robinson,0.751362249
6441,Emily,Silvers,0.0866564529
9288,Lisa,Bernal,0.2358703786
9674,Hattie,Hampton,0.7338892873
8211,Joseph,Meeks,0.2994143018
5713,Martin,Green,0.020658443
6222,Brandon,Boyer,0.257409258
5200,Dedra,Ciotti,0.0545240017
3497,Thaddeus,Bernstein,0.3102393928
8875,Anne,Pollard,0.1994082073
9897,Kevin,Nilsen,0.9238680503
1212,Lisa,Bell,0.6156287405
6328,Carol,Senters,0.3394554218
4665,Becky,Fowler,0.3574917037
9151,James,Crittenden,0.70304536
2627,Harry,Bergeron,0.6378764783
6359,Julia,Welch,0.2450473397
6771,Staci,Peppers,0.7031396723
3500,Anna,Eilers,0.8211609561
2837,Tracey,Leone,0.4856144357
7266,Bettie,Summerall,0.9291450987
6681,Mario,Pearce,0.4987953794
6720,Karen,Rollins,0.698173271
8411,Norman,Walker,0.317486671
1404,Cynthia,Yocum,0.3447285765
8487,Jennifer,Horton,0.9445834595
6616,Lyndsey,Jernigan,0.6914346281
1381,Bruce,Widman,0.9495702607
8911,Mary,Baer,0.6643804447
4823,Aaron,Haynes,0.0869754585
2495,John,White,0.3664229005
5312,Sophia,Bivens,0.3439935134
2276,Rita,Denis,0.4003581398
172,Larry,Robinson,0.4539052618
666,Gladys,Gray,0.4093601129
4511,Katherine,Garcia,0.1292573798
8036,Emma,Brame,0.239300448
5547,Laura,Gildersleeve,0.5590292369
1974,Andera,Lovett,0.68031143
2506,Michael,Hearn,0.1115298385
5370,Robert,Drees,0.3434092121
4171,Kathy,Lynch,0.5123006641
3931,Vickie,Mathias,0.3278788116
5262,Luke,Manna,0.0136247752
3678,Cecily,Skinner,0.6347673074
7427,Thomas,Seal,0.3488475766
411,Gail,Fields,0.1788005347
4185,Ryan,Looney,0.8922923675
1269,Catherine,Adams,0.0498428314
7969,David,Moody,0.82470558
7258,Delores,Anderson,0.1355162291
4953,Lloyd,Campagna,0.6644929587
9417,Jesus,Kingston,0.0686204541
9294,Chasity,Cooper,0.7933365691
4172,Christopher,White,0.8981698714
1095,Jermaine,Lozada,0.38617157
6364,Nicholas,Harris,0.7988542591
9046,Lucia,Henderson,0.7939852702
2750,Estela,Myers,0.3462972951
6472,Andrew,Melendez,0.2658338824
2465,Frank,Twombly,0.6437506278
8929,Cameron,Pierce,0.4391888112
9580,Jamie,Curtis,0.707109814
5198,Karen,Jones,0.873241245
3423,Dorothy,Draper,0.7798783937
1493,Barbara,Coleman,0.8367533896
1149,William,Kuzma,0.4649119414
3763,Jenny,Johnson,0.750829505
6653,Virginia,Holder,0.3166667158
5330,Randi,Barrett,0.3395225296
6461,James,Rowe,0.288645165
6248,Carol,Dibella,0.5356491194
7801,George,Graves,0.8198294155
4458,Matthew,New,0.399181606
9515,John,Schultz,0.2589995093
1498,Raul,Palombo,0.1907130964
8326,William,Smith,0.7461416579
5092,Kirsten,Smith,0.6487240228
7253,Stephanie,Henderson,0.5848494929
5368,Janita,Bray,0.0824871692
1542,David,Cooper,0.6513760029
8270,Alane,Schmidt,0.2515265311
8868,Charles,Williams,0.3499365745
4689,Wm,Osborne,0.1193362239
2698,Eddie,Richards,0.8503602545
9019,Serena,Estill,0.9527430017
9529,Jeff,Brophy,0.147017546
6143,Archie,Hutchinson,0.6837381816
8286,Perry,Wright,0.5231228438
4795,Johnny,Johnson,0.3709373476
6099,Louise,Odell,0.7261088309
8493,Mark,Gunderson,0.5347120804
4009,Dawn,Griffin,0.4684245985
9280,Adam,Petit,0.7779079054
8103,Vivian,Samsel,0.9579393268
598,James,Weitz,0.3106357155
3800,James,Mendoza,0.5160426728
7860,George,Cunningham,0.5073365686
9327,Nancy,Sloan,0.4629434147
9744,George,Braxton,0.4456870942
9028,Ezra,Perez,0.2031532833
375,Jean,Salyers,0.4018855065
4467,Hermelinda,Phillips,0.5103270793
1122,Katherine,Williams,0.7058453958
9200,Kenneth,Patch,0.4743884741
1831,Treva,Moore,0.0850191638
2758,Monica,Frank,0.4265945256
4974,Shirley,Graham,0.6267489055
3129,Rae,Christensen,0.9384341717
5184,Darlene,Crowder,0.4821726726
7964,Tommy,Elliott,0.0650179605
8630,Marianna,Boyle,0.144585256
449,Allie,Joiner,0.72581318
1873,Cesar,Rivera,0.6476602997
6450,Laura,Vaught,0.249171539
988,Stan,Garza,0.2127983626
5425,Rose,Lee,0.7357286955
1905,Shannon,Jordan,0.7039613251
6762,Terry,Phillips,0.9693970657
1037,Sandra,Jones,0.0313280874
4581,Donna,Nelson,0.7165900422
6001,Frances,Baily,0.2922312324
2475,Jeanine,Alejandre,0.6040472719
3210,William,Gift,0.8098396091
7991,Christina,Maroney,0.6023380521
2658,Rosa,Gavin,0.2144700002
5542,Sue,George,0.7185237186
7980,Donald,Wong,0.8862160924
9958,David,Mckeon,0.5757596341
4721,Grace,Roth,0.948934214
8689,Raymond,Woodard,0.7150429981
5310,Monica,Newborn,0.3359140058
1289,Beverly,Baker,0.9207546287
6881,Mary,Herron,0.3443379831
4241,Otis,Dover,0.527372109
3322,Lewis,Myers,0.5395437491
3025,Steven,Jones,0.709278285
6355,Margaret,Colbert,0.7072328497
1701,Carolyn,Wilson,0.7501322711
6131,Clarence,Causey,0.4963439822
9048,Edward,Teague,0.076721851
6509,Carol,Black,0.8052790093
2613,Devin,Hansen,0.8245438149
795,Daniel,Richardson,0.654543255
9791,Jean,Armstead,0.8546399963
9885,Elizabeth,Payne,0.6946413037
3309,Cynthia,Coe,0.5001602506
919,Yvette,Wolff,0.9347397543
2974,Samuel,Palmer,0.8854106325
2756,Timothy,Chaney,0.3711567307
6916,Linda,Glenn,0.2285462026
9928,William,Franks,0.0863169995
2767,Tiffany,Lewis,0.815925492
4691,Nancy,Hayes,0.6422730114
2233,Carlotta,Gammill,0.9471707963
696,Nicki,Anderson,0.0423494016
8778,Deanna,Collins,0.4882748197
6037,Jerry,Gayman,0.1967244467
533,John,Palacios,0.3840960255
8659,Laura,Lockhart,0.5210327611
973,Caridad,Greene,0.0352410036
2249,Merna,Norris,0.1295927993
8392,Johnny,Halley,0.0049562305
870,Gilbert,Currie,0.7474305048
954,Stacy,Kirkpatrick,0.300907538
524,Emily,Mesa,0.4526032382
5540,Laura,Vaughn,0.816317338
5234,Stacy,Yost,0.3592534261
5358,David,Zimmerman,0.6191378739
5861,Jean,Dillion,0.1172873809
5417,Ima,Bowen,0.4518937045
3922,Stacey,Sweeney,0.6750071621
1111,Rafael,Borges,0.1919549634
1234,Geraldine,Lombard,0.1219266457
5374,Brett,Mays,0.1496947878
5182,Louise,Yee,0.0133659609
4147,Andrew,Mak,0.0108680523
6517,Lauren,Hamm,0.7467795133
6913,Natasha,Lin,0.4672304951
8122,Jason,Bowes,0.3169895289
3488,Tammy,Mcmeans,0.9709130421
1672,Gary,Phillips,0.4030337236
2663,Thomas,Fogle,0.4404712727
9348,Jessie,Krueger,0.4958426617
2455,Ruth,Pratt,0.8069858421
7043,Harold,Deyoung,0.2236469267
2009,Javier,Dunn,0.6730980668
2737,Michael,Barnes,0.5191172143
2489,Gene,Bahr,0.2863736611
9493,Margaret,Tyler,0.8841362786
2194,Katie,Nesbitt,0.9934303374
838,George,Mcdade,0.1008605789
288,Leroy,Hawthorne,0.758612782
4336,Sue,Brown,0.483458071
4125,Dennis,Hernandez,0.6190162261
4833,Christopher,Kuster,0.0096307215
8984,Judith,Gant,0.150395592
5831,Karen,Sanchez,0.7157003048
9372,Edith,Malone,0.250723691
9162,Leslie,Bartels,0.0272430754
8790,Cecil,Hughey,0.4693364128
8997,Nannie,Sugg,0.2515485079
3082,Derek,Dancer,0.5035146016
6427,Anthony,Martin,0.1117740229
4303,Judith,Thompson,0.0907242089
7783,Doris,Cherry,0.9374742764
3440,Gwendolyn,Inoue,0.8387860756
6555,Lynn,Melton,0.3354703991
9564,Joe,Guyton,0.5625352336
8768,Ashley,Weeks,0.453059108
4520,Marilyn,Mora,0.7935781404
3814,Laurie,Hedrick,0.5096285574
7444,Tanya,Genovese,0.5514965749
4102,Caroline,Walker,0.606129379
5738,Adeline,Dedrick,0.1138659941
5839,Lillian,Flanagan,0.6729170319
95,Thomas,Mulholland,0.1623975467
2742,Linda,Cobb,0.0391398156
4870,Eric,Gottschalk,0.5087128456
9589,Shawn,Tedder,0.7614013853
396,Elsie,Little,0.9985782162
3918,William,Phipps,0.6852441714
3673,Stacy,Easterly,0.5780831424
8746,Christina,Rodriquez,0.3837763527
3728,Casey,Maurice,0.7589829098
8817,Timothy,Ross,0.5651226039
8847,Helen,Valadez,0.6794742113
606,Samuel,Clausing,0.3727006286
6261,John,Byrd,0.5363675922
1411,James,Lantz,0.5456819856
8825,Maureen,Bishop,0.649236321
8760,Susan,Davis,0.1074222049
6004,Billy,Santana,0.7850198098
8235,Charles,Mchenry,0.2190629439
9622,Betty,Craig,0.9987278124
3305,Jacquelyn,Heuser,0.1973626465
2903,Mary,Trujillo,0.5114924971
5299,Molly,Fuhr,0.4335986322
8465,Rose,Paez,0.0032674028
4155,Adam,Hoffman,0.6600086032
293,Rachael,Sevilla,0.9268754926
8871,Robert,Long,0.5682500647
7740,Kathryn,Burton,0.5819363541
1892,Tracy,Meadows,0.2119520623
4480,Lloyd,Rich,0.48654165
7827,Floyd,Barnett,0.2748106276
1468,Marie,Weber,0.7109137008
5835,Kyle,Cano,0.4417036467
6545,Willard,Damore,0.0938306835
7342,Marilyn,Roark,0.7912662672
917,Ricky,Pena,0.8417560256
2046,Marcelina,Riley,0.7118916209
8837,Susan,Hughes,0.7470109756
5838,Lawrence,Saunders,0.2254589007
1112,Wanda,Barker,0.3580824744
2847,Annie,Roberts,0.7312477997
1878,Jesse,Joseph,0.0844317318
8390,James,Jiang,0.0805351925
1006,Patricia,Hudson,0.2157016075
5451,William,Atkinson,0.5322530458
6585,David,Taylor,0.4453792947
2906,Jose,Webster,0.3847285004
6603,Gladys,Oneal,0.216904657
9366,Linda,Chapman,0.9742168309
5275,Constance,Savard,0.037565982
3945,Kurtis,Long,0.2829634335
8401,Kimberly,Kania,0.1431688017
5144,Ashley,Lucero,0.4846122218
2779,Jeffery,Speer,0.2984850104
5385,Sonja,Roby,0.7269318344
6195,Robin,Smyth,0.6044472158
6333,James,Pyne,0.1710606439
3632,Donald,Martin,0.4288587382
3008,Jacqueline,Taylor,0.4991529852
4741,Donna,Humphreys,0.4339765864
6439,Brenna,Hamilton,0.1288256405
4933,Jessie,Armstrong,0.0607154695
965,Jessica,Atchison,0.9267170427
6566,Janet,Gates,0.0339758962
333,Deeann,Hoffman,0.6751203111
1807,William,Albert,0.3088755601
9538,Junior,Hamilton,0.4427268687
9892,Amanda,Griffith,0.8467669545
2708,Elizabeth,Franks,0.2442082013
657,Melvin,Cooper,0.1276442932
4084,Renae,Taylor,0.3977209718
5369,April,Manning,0.0079332811
2131,Daniel,Hadley,0.9665580299
2964,Jimmy,Wagner,0.0869692622
1999,Brenda,Flores,0.6198876342
7560,James,Walker,0.3321335108
8653,John,Trapp,0.3482696027
5653,Ryan,Trott,0.1066176959
1704,Glenn,Saldivar,0.7823350241
7853,Randall,Nolen,0.3380759424
3863,Cathy,Wells,0.3596379005
2448,Sidney,Brannan,0.0577468632
1502,Jack,Hurlbert,0.7315356212
5808,Joseph,Shannon,0.9751939955
8080,Tamera,Snyder,0.5983555801
8937,Dennis,Vanderhoff,0.6461915218
8455,Ralph,Duke,0.7742438996
347,Enid,Cote,0.3103502407
9461,Eric,Shaw,0.9222281973
2630,Emily,Hahn,0.9911318936
7579,Nancy,Soto,0.2483263745
351,Emma,Long,0.2360399747
3110,Michelle,Christensen,0.6175338433
2637,Michael,Lipscomb,0.4353084122
9139,Valerie,Corr,0.3458508539
7075,Florence,Vick,0.2498760284
7105,Billy,Hood,0.9210470617
2983,Joyce,Hampton,0.3023707191
3057,Israel,Dowdy,0.6953457687
9222,Robert,Battles,0.4371889781
2380,Laura,Moore,0.6811075949
7657,Karen,Besser,0.532536024
8282,Stephanie,Mills,0.9040822492
4195,Thomas,Rendon,0.1430083509
7113,Jason,Ferrari,0.98980052
3231,Joseph,Mcmanus,0.7317124258
5274,James,Rice,0.9550318208
5980,Nellie,Johnson,0.7389111198
1666,Cora,Young,0.1932026278
2958,Gloria,Cleaver,0.5479666358
7611,Mary,White,0.5498138464
9835,Christopher,Isabelle,0.7835962549
3062,Leona,Green,0.2643464678
2156,Jeanette,Straub,0.8741940157
417,Lillian,Miller,0.3197898339
5017,Donna,Cruz,0.9176343493
3202,Tony,Williamson,0.8205563505
2471,Jamie,Hymes,0.123763866
5627,Russell,Moore,0.7072330059
7881,Georgia,Wright,0.1355733578
8181,Robert,Xiong,0.1970991904
6794,Eddie,Kaufman,0.5591463863
1645,Wilbur,Cobb,0.0964170136
2690,James,Collins,0.1718080621
4609,Ann,Gaines,0.7013302904
2577,Stanley,Warner,0.6625460116
2235,Barbara,Friedland,0.805050038
4021,Florence,Smith,0.2524783183
5215,Emmett,Quinn,0.0931108962
4269,Kelly,Kelsey,0.7446227854
2954,Fidel,Miller,0.2889587395
7450,Sandra,Smith,0.8974752193
6574,Karen,Jenkins,0.3319379091
1393,Tyler,Morin,0.2553368309
8693,John,Chavez,0.5462609658
2598,Sandra,Stringfellow,0.5724073236
5596,Dorthy,Jones,0.6762140235
5265,Iris,Brown,0.7970649402
9371,Andrew,Wilson,0.077614899
4712,Joseph,Cardona,0.8290188094
3308,Greg,May,0.7036844501
3170,Kathy,Thompson,0.1651164496
9023,Mary,French,0.2648174895
8600,Melissa,White,0.248611246
1353,Henry,Adams,0.7198582315
1913,Jennifer,Alexander,0.3216871982
6716,Nadine,Rubio,0.120862602
1300,Allen,Adams,0.7353862065
3415,Loretta,Lett,0.7077128792
8956,Brandon,Alston,0.1129608059
7276,Laura,Walton,0.1868536153
4118,Samantha,Stewart,0.7901274029
2836,Mark,Hearn,0.2901749832
946,Sarah,Robinson,0.7255028831
3529,Matthew,Ketner,0.6042179207
8973,Cheryl,Delgado,0.5159058939
7403,Margarito,Butler,0.8150187032
5802,Tracy,Dwyer,0.4971284207
4214,Dorothy,Malpass,0.2807124644
2780,Mary,Rutt,0.3581449576
2531,Terrance,Connell,0.2134875311
9438,John,Heiman,0.9305997423
4707,Robert,Maloney,0.9135282573
4528,Michael,Beard,0.529964806
607,Norman,Oakes,0.11287175
5189,Bethany,Harrison,0.5980303597
5422,Jason,Starner,0.2914654741
4267,Paula,Nelson,0.5963769492
4582,Kathleen,Brito,0.3307681491
5961,Timothy,Hunt,0.3182161083
673,Gary,Garcia,0.9584694444
4738,Kimberly,Wiseman,0.6839182787
4912,Shannan,Bakken,0.2135270366
8433,Joyce,Mccormack,0.4067449793
7330,Carmen,Amerson,0.2242154214
1810,Helen,Parks,0.845767634
2485,Robert,Whitley,0.3529481539
9018,Antoinette,Reyes,0.8893593585
4385,Michael,Wright,0.5932053984
3570,Jason,Campbell,0.772593979
9633,James,Simpson,0.6257024815
5974,Gail,Mitchell,0.2476949743
6707,Patricia,Demarco,0.8990803531
5273,Anna,Browning,0.1599929172
5737,Vicki,Day,0.1679276743
3217,Dorothy,Himes,0.727199734
5885,Jo,Deleon,0.8547678748
711,Jennifer,Cunningham,0.7067062662
707,Eric,Phillips,0.6644992006
1788,Fernando,Jones,0.1757187403
1479,Eric,Phillips,0.7723428269
2285,Nancy,Howland,0.4373889321
1369,Ervin,Campbell,0.3712760427
446,Kevin,Cassidy,0.9183294079
8986,Joel,Jefferson,0.9571913972
886,Jewell,Archuleta,0.6860147195
9768,Nicholas,Townsend,0.3204685261
3051,Larry,James,0.2204870682
4018,Kelly,Fulton,0.9602457844
3988,David,Loy,0.5188973751
9614,Ronald,Garcia,0.6015276201
9203,Estelle,Baur,0.5486198599
3043,Gale,Krom,0.5068852748
7748,Fredrick,Galloway,0.0720920248
8992,Debbie,Wright,0.6853119885
7926,Leigh,Davis,0.0936247576
5822,Michael,Mcquaid,0.0192184048
3344,Raymond,Garrick,0.4448250311
183,Latisha,Cohen,0.1497472723
2234,Lindsey,Sullivan,0.6790317106
3326,Nelson,Leavitt,0.8044315968
2521,Eddy,Griffin,0.2213619808
5178,Stefan,Alexander,0.9292612923
8252,Sandra,Kucera,0.8511468293
1822,Judy,Love,0.7814977567
3320,Billie,Smith,0.7473804113
1576,Vivian,Severson,0.8729469529
5462,Mandie,Dillon,0.1420045947
3546,Grant,Haines,0.5467840054
7911,Conrad,Smith,0.8989416361
6221,Kevin,Allen,0.4709296832
5682,Beau,Clark,0.4315032209
7765,Albert,Torres,0.6151396523
5220,Shauna,Ray,0.4215617394
5565,Heather,Merritt,0.4365666104
1939,Kenneth,Marquez,0.5782031599
3449,Marjorie,Wilkins,0.7093139493
8536,Russell,Bennett,0.9841472846
8186,John,Mccarthy,0.4657505024
8445,Vina,Meyers,0.2702199602
1911,Edith,Buzzell,0.5499181263
9749,Ronald,Gill,0.2229034347
21,Dale,Castellanos,0.6535051898
6649,Doyle,Young,0.9227028959
2389,Jeff,Flanders,0.2675237188
3163,Michael,Neff,0.2379236426
4415,Lester,Thomas,0.7906656649
7319,Margaret,Willems,0.266755356
3138,Victor,Cole,0.2538179415
5772,Joyce,Tarver,0.5366336813
3508,James,Washington,0.6229531595
7439,Courtney,Wheeler,0.5058563896
7981,Andy,Slaton,0.6222039063
5058,Jerry,Gonzales,0.8285855667
6905,Janet,Mojica,0.4046016382
269,Robert,Morrison,0.4990658106
1230,Brenda,Burbach,0.4697039062
2283,Joshua,Page,0.0114638896
620,Michael,Leonard,0.6944085334
7947,Amos,Garcia,0.4413929367
5508,Kathryn,Walker,0.3999119727
9272,Kathryn,Gonzales,0.556704645
506,Ronald,Austin,0.9069360439
977,Christian,Nugent,0.6563537945
8624,Lynn,Robles,0.2342405641
8590,Erin,Cash,0.4943711446
6036,Shawn,Kimball,0.7669373748
2851,Joseph,Claybrooks,0.6628728446
3655,Freida,Burton,0.4648908095
9343,Rebecca,Thompson,0.5065032605
2025,Gary,Thompson,0.1924186777
2566,Francis,Rice,0.7610929497
7900,Cynthia,Link,0.3593815768
2386,Richard,Alvarado,0.2161974793
1298,Ida,Moore,0.4331691414
6410,James,Dewitt,0.77523061
398,Jeffrey,Case,0.2936780283
2359,Richard,Phelps,0.7920962353
421,Gina,Briggs,0.9112337804
7742,Perla,Keller,0.655616502
6870,Russell,Fish,0.595691212
9355,Aaron,Norris,0.6435738374
6165,Louise,Garcia,0.3476949225
8253,Patrick,Herb,0.4789202481
7891,Mary,Casey,0.661112057
386,Ken,Motta,0.9190051237
4284,Mignon,Howland,0.4028697056
186,Jody,Banks,0.7907432364
8718,Deidre,Hoggard,0.164341449
5105,Angela,Burke,0.9316775126
3797,Jerome,Norton,0.669537303
6095,Richard,Johnson,0.8898744562
7998,Donna,Vasquez,0.4944869285
4230,Brett,Satterwhite,0.7616488216
5293,Renee,Jones,0.9995327638
5665,Carl,Otoole,0.0691216888
2833,Jeanette,Johnson,0.309100006
9411,Janene,Dunlap,0.5864189279
1625,Andrew,Lowery,0.3218193983
3884,Leon,Miller,0.4397750939
8240,Douglas,Bailey,0.8249350062
6669,Wendy,Mcnamara,0.8977117443
3837,Brant,Gauthier,0.230845293
7852,William,Hall,0.8193785648
9006,Palmer,Gerow,0.2169308269
9180,Patricia,Levy,0.7112119489
3521,Chuck,Murphy,0.1203185476
2827,Nicolas,Rivera,0.8625467212
2162,John,Shepard,0.0004244691
3536,Wendy,Valdez,0.2122547131
8152,Ronald,Burrell,0.229640584
9379,Maria,Ross,0.2958601133
2965,David,Schubert,0.0341195497
8680,Virginia,Scott,0.2657354358
1448,George,Esparza,0.3954265998
4311,Troy,Hodges,0.8218540824
344,William,Curtiss,0.3291778555
6520,James,Kettle,0.4496801649
8226,David,Jiles,0.7933963086
2574,Syble,Campbell,0.4087151494
9220,Rosario,Price,0.3117728583
3516,Jerry,Labrador,0.7676004125
4512,Elmo,Brooks,0.226203219
8960,Troy,Hughes,0.1306209706
7146,Leland,Murphy,0.4959740296
5152,Oscar,Cross,0.1796374395
9527,Stephanie,Martinez,0.1587062597
2146,Jessica,Trammel,0.6319856672
1550,Christopher,Steiner,0.9951650994
7848,Catherine,Newton,0.8698019739
864,Carina,Nichols,0.3156868687
2700,Stanley,Chaney,0.6145981948
6003,Steve,Nelson,0.0772858742
2297,Jeannette,Brown,0.5090037661
6301,Louis,Yagi,0.8230324069
8043,Nick,Lumpkin,0.7787676349
3071,Jimmy,Herndon,0.8354375903
6304,Gary,Behler,0.9014479034
426,Cortney,Leggett,0.3658334205
770,Dianna,Camacho,0.5703461315
4367,Melvin,Batts,0.8915678482
5520,Lisa,Largo,0.1846859939
1802,Lynda,Binion,0.753461509
8218,Pamela,Earnshaw,0.5164291027
5734,Laura,Hernandez,0.8225616724
8154,Charlotte,Bryan,0.8874758633
311,Barbara,Puckett,0.6959627671
395,Jose,Miller,0.9740220159
2020,Shirley,Lew,0.0799056613
1533,Mary,Wheat,0.3466166197
5398,Linwood,Small,0.2892868593
1861,Rhonda,Davis,0.7174849883
3494,Walter,Baker,0.6855071427
7353,Shelley,Johnson,0.6730776629
9854,Charles,Mccluskey,0.399303497
9524,Christopher,Dever,0.4030101313
3221,Lawrence,Rodriguez,0.5488885785
3803,Richard,Kaye,0.8227147616
6104,Christina,Barber,0.9813273419
3796,Glenda,Barber,0.4538225634
3959,Daniel,Carrigan,0.0644535739
4153,Gregory,Pepper,0.4416114006
2343,Gladys,Hobbs,0.2872210748
6816,Vincent,Jones,0.6657681766
3314,Sonny,Whittington,0.83683599
1864,Marian,Mayfield,0.2340519757
6212,Sharon,Sims,0.8721014124
5382,Scott,Ramirez,0.8011675398
8425,Jamie,Sanchez,0.9981089188
9500,Jeffrey,Rosado,0.5003925422
9132,John,Throckmorton,0.8117743067
1474,Tracey,Haas,0.1254784639
2352,Dianne,Romero,0.2419337493
7819,Karen,Jones,0.5051463002
918,Troy,Renfrow,0.6139044077
1628,James,Crump,0.8476229836
5218,George,Lares,0.116374033
8057,Demarcus,Sanchez,0.9270336509
6288,Stella,Stanford,0.6577385075
4247,John,Elswick,0.142471483
4239,Kyle,Alvarez,0.3319917026
7566,Edwin,Carroll,0.6090605459
7152,Thomas,Cox,0.7091605663
4382,Nicole,Harris,0.5554779542
3155,Jacqueline,Randall,0.1625212161
5432,Tonya,Lunsford,0.8509216688
7333,Cory,Thompson,0.0006692926
5394,Jeanette,Johnson,0.8502600184
964,Joshua,Johnson,0.5916734012
6814,Shani,Tiedeman,0.1746361181
1480,Karen,King,0.3316454273
2792,Colton,Petry,0.8667499528
3197,Jose,Pike,0.5606177233
4313,Bernadette,Hamilton,0.1034397839
9565,Adrienne,Baker,0.1274124931
2921,Sherita,Cox,0.9708298445
8508,Shawn,Tunney,0.2521668044
4482,Ira,Messina,0.2107909247
7619,Raymond,Tucker,0.3584666061
7896,James,Moore,0.3974974321
9304,Jamie,Roach,0.1214194074
1254,Flora,Saltzman,0.6101798296
1227,Dori,Pruitt,0.7133577224
5619,Thomas,Butler,0.4466817111
8290,Natalia,Moore,0.220756785
8120,Todd,Sanders,0.4021414942
5080,Nicolas,Field,0.1865007915
7572,Oscar,Christensen,0.3577180314
6121,Hipolito,Ellzey,0.9622126704
7671,Willie,Gabriel,0.8183965217
324,Vernon,Farrier,0.6949510719
7434,Aaron,Bibbs,0.9190474553
5912,David,Button,0.358368499
4456,Arthur,Phillips,0.7871479746
7160,Mayra,Roussel,0.4531259679
3212,Stuart,Carrion,0.4447476377
4137,Jay,Armstrong,0.2398625955
4255,Yulanda,Hamilton,0.1881309918
7831,Mary,Bean,0.1847586648
674,Yolanda,Crowder,0.6832975219
2108,Greg,Roth,0.4118314339
9868,Kerry,Stone,0.5193034471
9978,Marian,Jones,0.0326719198
3435,Jeff,Knox,0.49418818
8035,Charles,Anaya,0.0633724539
2288,Rosaura,Lamar,0.3261480271
9561,Phillip,Laxton,0.5276541247
1519,Lillie,Taylor,0.5029584214
5793,James,Todd,0.0753252453
8210,Patsy,Wozniak,0.800195989
605,Lynn,Waddell,0.6180414509
6381,Bessie,Sawyers,0.8048343211
2999,Donna,Thomas,0.1814508138
2880,Barbara,Choate,0.8730059129
8785,Gregory,Newsom,0.3406949486
872,Tamela,Martinez,0.9610412274
7574,Benjamin,Samaniego,0.6518128936
4325,Richard,Smith,0.4940709448
9724,Nancy,Jenkins,0.1043472693
3784,Dale,Friedman,0.8951434393
7054,Michael,Crandell,0.4122596132
8621,Crystal,Holder,0.6216792029
4767,Joan,Deshazo,0.7674184786
2163,Kim,Duke,0.1132941416
259,Robert,Mitchell,0.1739803217
5311,Ryan,Logan,0.0305570972
1463,Yvette,Stuckey,0.2769209486
1707,Ernie,Jones,0.4292007394
4502,Judy,Anderson,0.0310861727
7250,Kimberly,Joyce,0.3097489241
217,Andrew,Noble,0.9965200147
5655,Arlie,Leatherman,0.4064282465
2123,Geraldine,Fox,0.1795421354
6989,Kathryn,Ayala,0.2968267577
2625,Ann,Levi,0.5699634347
6411,Miriam,Keel,0.6083899946
6249,Peter,Jackson,0.9641860372
6656,Shirley,Larkins,0.0699469226
9498,Casey,Parker,0.0673384906
8646,Peggy,Mcgrath,0.431096476
6673,James,Clausen,0.5531327601
7838,Esther,Hines,0.9687653291
8832,Clark,Gill,0.9249053821
250,Johnny,Singer,0.5767009729
2966,Joseph,Coy,0.471167047
1741,Walter,Hanson,0.3168398435
9240,Tracey,Wall,0.7753182058
365,Lupe,Roan,0.4970639786
218,Nelson,Sharp,0.0265090924
8431,Micheal,Teague,0.7539020462
8500,Mary,Waterman,0.7908736959
1017,Matthew,Heinz,0.8406338098
8138,Sherry,Shaw,0.2241816164
1389,Jeanette,Stack,0.4561436046
8532,Andrew,Brown,0.3817948359
6589,Charles,Jean,0.4501076001
7690,Deanna,Chappell,0.1013447889
76,Deborah,Wooley,0.9342766455
9663,Ray,Cline,0.6586489049
9322,Carmela,Rapp,0.6582055769
6697,Robert,Figueroa,0.6122307882
1075,Janice,Rocha,0.1689728221
4383,Fanny,Jones,0.139792105
1103,Charles,Lapine,0.0579383671
2523,Joseph,Budde,0.8337917875
164,Sandra,Cady,0.2838296934
9070,Tracey,Mandell,0.9940154026
1278,Jose,Lee,0.9669782324
761,Jason,Thomas,0.0036328442
1665,Janet,Baker,0.5079180426
792,Frank,Bauer,0.2165206322
4856,Ramon,Shuman,0.798051805
9044,Kenneth,Flaherty,0.1121910678
9483,Tracey,Lomas,0.9717337054
5230,Betty,Braaten,0.3105432321
9436,Tina,Burton,0.3557659725
9112,Mathilda,Gonzales,0.0351333402
1769,Charles,Dasilva,0.743602548
5749,Charles,Lamb,0.2096839347
9117,Catherine,Jackson,0.1558892524
147,David,Isham,0.3265690899
8260,Shirley,Costigan,0.7234578696
7608,Ida,Bartos,0.0458715551
6593,Timothy,Estrada,0.418368045
3234,Cindy,Garcia,0.1800464946
7760,Latisha,Ballard,0.3132132245
321,Edna,Donahue,0.8116796445
2041,John,Clark,0.8478317633
2937,Lucretia,Lee,0.5273892577
8569,Annette,Gilbert,0.8518128912
114,Steven,Banks,0.1978418301
2456,Eric,Harn,0.7016856184
6407,Samantha,Gant,0.7895443791
7045,Ruth,Torres,0.1054627288
845,Ann,Bischof,0.3062547578
2828,John,Scott,0.4740842688
3591,Anthony,Mcgrath,0.3443859185
9487,Darlene,Battle,0.5256850112
3898,Louis,Vann,0.5176387609
3720,Paul,Stewart,0.3763719837
9505,Candice,Flowers,0.8258094809
895,Reynaldo,Owens,0.913556407
5889,Courtney,Wilson,0.7415033749
6291,Stephanie,Bisson,0.1883128667
108,Tamara,Bowman,0.1641070801
9274,Randy,Griffin,0.4920951852
6383,Jesus,Tejada,0.0686058686
4198,Carole,Dodrill,0.4356145181
3895,Irene,Jones,0.3251057151
2028,Eileen,Patterson,0.8250702198
3703,Eileen,Garner,0.8029672594
9864,Anne,Hang,0.7135531094
6812,Donna,Jones,0.648508
7901,Ellis,Ray,0.2858750187
2768,Karen,Fullmer,0.1565257299
8073,Don,Clark,0.7036920264
1437,Richard,Ramirez,0.8309613054
245,Lois,Johnson,0.9989678618
961,Sandra,Glenn,0.074265331
2402,Laura,Howard,0.9064359814
9954,Marsha,Stoehr,0.1254898529
6002,Dustin,Haire,0.9205249343
3992,Gustavo,Fuller,0.4282740874
9593,Alberta,Simmons,0.6161321611
9312,Thomas,Nash,0.7671149038
6819,Robert,Dekker,0.3780796842
2353,Hope,Palm,0.9579424944
1768,Annie,Wills,0.3935233033
376,Angela,Prado,0.3705285627
9182,Antonio,Rolon,0.6489718228
5964,Heather,Mccrimmon,0.1964656671
7902,Linda,Davis,0.1123223784
8291,Joel,Rodriguez,0.1718130731
5232,Adam,Mcgee,0.731311674
968,Judith,Clune,0.2162934924
9824,James,Hamilton,0.6472369479
6512,Judith,Song,0.2893468488
8526,Lee,Akers,0.0898129006
5666,Bill,Cripe,0.8893266006
4758,Brenda,Stansbury,0.689945871
1274,James,Jones,0.2151489076
7590,Shari,Grubbs,0.061614153
8343,Tamesha,Hutchins,0.9447258632
8586,Steven,Zawacki,0.1748311787
6789,Virginia,Jones,0.6699899156
5690,Matthew,Dunn,0.693809839
6584,Jonathan,Guerrero,0.823902125
9522,Justin,Mallon,0.3560441504
8955,Jennifer,Willcox,0.7295107699
1553,Jennifer,Shultz,0.1265986848
7223,Thomas,Gahagan,0.3640273265
9124,Elisa,Clements,0.4286962154
9152,Damon,Monday,0.3815899745
1001,Lynda,Kunz,0.4831503259
7445,Amber,Rowley,0.7701507867
3849,Donald,Bumpus,0.9016874509
7082,Claudia,Stebbins,0.7373438431
7270,Christine,Erickson,0.4391358162
2255,Viola,Mastropietro,0.6838209736
9642,Frederick,Marshall,0.620487683
2545,Irene,Berkman,0.6942091882
2070,Kelly,Cornwell,0.7727312783
9291,Pamela,Rice,0.3622404523
1506,Elizabeth,Mason,0.456640068
3648,Cecil,Cheatham,0.7881020051
5079,Sherley,Lee,0.3007452858
2196,Kimberly,Vanhorn,0.380566288
9687,Rosemary,Soucy,0.7828441691
6238,Kenneth,Wilson,0.4884523633
6451,Margaret,Cundiff,0.5590838618
4863,Fred,Abate,0.979943116
7629,Veronica,Chambers,0.1596757986
8512,Thomas,Fontenot,0.6398592358
4954,Thomas,Beasley,0.1094377053
9631,Bernice,Crouse,0.4715774443
8747,Jesse,Meyer,0.9422710945
339,James,Marr,0.0448351572
1193,Elizabeth,Gilbert,0.7539782692
6705,Ryan,White,0.6287048529
5026,Carolyn,Jensen,0.6096926795
5958,Jason,Aldaco,0.142827739
7167,John,Allen,0.4470731881
4817,Anne,Younker,0.3153354491
3339,Carol,Morgan,0.9368526991
851,Matthew,Weyant,0.5970119811
2357,Karen,Richardson,0.4233881426
4722,Raymond,Summerfield,0.9915147997
8434,Connie,Johnson,0.0590902993
8459,Lindsay,Vargas,0.6710926932
4278,Eddie,Lawson,0.5403966126
227,Inez,Carruth,0.9523165065
9684,Louis,Raab,0.5466671819
4237,Marian,Caro,0.9265512465
641,Scot,Williams,0.2011823654
2891,Florence,Roy,0.9995972558
7606,Tiffani,Bradford,0.7165402472
6307,Sade,Stanley,0.7303811766
790,John,Ferrari,0.5107450697
4324,Frank,Grimes,0.7593845003
9675,Michael,Hines,0.5183917673
7248,Cyndi,Webb,0.0568435951
363,Laquita,Pool,0.0803623393
3664,Charles,Shelby,0.0867173073
6360,Virginia,Lewis,0.5317816236
3165,Jesse,Wiggins,0.111637814
9996,Linda,Davis,0.3357603648
9359,Sherri,Rausch,0.9021584543
8049,Michael,Farley,0.8477693908
4089,Larry,Rowland,0.9079415356
1575,James,Flanders,0.5049135482
1311,Sarah,Kidd,0.2243015592
1104,Floyd,Rasmussen,0.6982379372
7127,Tonya,Aranda,0.6862311212
4202,John,Hermann,0.6291630676
6338,Bari,Cole,0.9107575144
3396,Christopher,Gibson,0.8384324356
6194,Myra,Antonio,0.3251670056
7807,Eugene,Bush,0.4005787782
493,Scarlett,Johson,0.3700798103
8971,Lonnie,Pace,0.5572480217
5118,Ismael,Smith,0.5131282685
4625,Willie,Lazo,0.2507707113
1066,Andre,Moore,0.2957356358
8629,Patrick,Gagnon,0.3485468118
9962,Sheldon,Cantrell,0.7518759985
7602,James,Shearer,0.5778934399
4889,Joyce,Dillon,0.9807529929
3329,Karen,Johnson,0.5477520139
8463,Paul,Thompson,0.0053194438
1840,Maria,Mcgrath,0.3546967513
3307,William,Manning,0.2523132153
5917,Robert,Hamill,0.2444861068
4260,Harry,Christensen,0.7938047675
2813,Elizabeth,Morgan,0.2249418998
5996,Maurice,Kimes,0.9295994702
6541,William,Barajas,0.1031578959
8766,Louis,Berndt,0.9067651469
7147,John,Mullen,0.3500148836
6280,Edwin,Phaneuf,0.4005324522
9693,Francisco,Rashid,0.6927462954
1803,Salvador,Donley,0.0919570611
1997,Emily,Mickel,0.5811742174
9120,Carl,Duvall,0.686929262
4818,Bridget,Bowlin,0.9010236876
2603,Sarah,Mark,0.0603076634
1071,Ronald,Sustaita,0.2377674247
8580,Kathleen,Hobbs,0.2847532404
2040,Tammy,Post,0.3045459439
4852,Vicki,Villarreal,0.2258082954
3612,Edwin,Holden,0.4648260986
4441,Danielle,Garza,0.8162262707
2585,Felicia,Miller,0.9626918517
7637,Orlando,Wallace,0.3353017999
5499,Dustin,Flanagan,0.1452388442
2141,Joshua,Morton,0.9876185968
7573,Catherine,Andrews,0.9717037545
5997,Melanie,Tracy,0.0311187208
2193,Willie,Gilbert,0.7043846145
2188,Robert,Esparza,0.172884353
1820,Yvonne,Langley,0.8086978709
7192,Vaughn,Mcferren,0.2391755206
911,Mary,Burnett,0.0134150975
6610,Mary,Murphy,0.2951469724
5868,Bobbie,Bergstrom,0.699498886
7193,Colleen,Kennelly,0.54124962
4706,Karen,Knott,0.581726759
9792,Timothy,Killebrew,0.0638301158
3270,Ed,Mclin,0.750773449
6437,Mary,Johnson,0.9152720466
3854,Cheryl,Munden,0.8628743873
2631,Brandy,Floyd,0.1410866098
4629,Iris,Wilson,0.1806583197
6670,Ross,Monteleone,0.7256118362
4122,Rolando,Wilcox,0.6814350693
3938,Dale,Sierra,0.6691679528
5672,James,Barnes,0.7874910675
1920,Samuel,Moreno,0.3556823938
1537,Nancy,Valente,0.8815336709
2119,Shawn,Espana,0.4880232697
1745,Elaine,Owen,0.0557085988
465,Miriam,Johnson,0.6474981217
9866,Donald,Ludwig,0.2034413645
6226,Bettie,Heins,0.2889957088
5614,Richard,Oconnor,0.0068064788
3462,Chadwick,Foster,0.0457832571
5760,Barbara,Thomas,0.2446499516
5107,Lowell,Sharp,0.8262782395
7886,William,Rice,0.7770953181
3122,Kevin,Comeaux,0.9114143024
636,Clayton,Peterson,0.7744654643
3986,Sasha,Hollis,0.3380973011
1046,Marilyn,Mooney,0.0820078936
5597,Jennifer,Dillon,0.942128062
2695,Mandy,Holland,0.0514571154
7035,Michelle,Wilson,0.5906645881
2526,Betty,Carolina,0.9093746128
6490,Emilia,Goodman,0.5409586476
20,Christina,Pompa,0.4992962717
7526,John,Hernandez,0.0842229347
1089,Robin,Lovely,0.4029938406
5149,Terry,Keenan,0.8237656427
8606,Chrissy,Vargas,0.0355463407
2609,Elsie,Bruck,0.4274795344
1600,Stephen,Thurmond,0.7342652723
7517,Walter,Hardy,0.3630190876
490,Maple,Patterson,0.2595511349
4757,Samantha,Mcclung,0.6029257018
6917,Alison,Blackwell,0.5727945205
7997,Jerri,Mcknight,0.151886286
4572,Lynn,Bartley,0.0401980996
787,Robert,Rose,0.7154197444
5505,Scott,Sims,0.3108323007
6764,Helen,Norman,0.8111797171
8089,Roger,Harrington,0.8886305094
754,Albert,Council,0.5390247852
6422,Charles,Mccollum,0.018143395
3390,Maureen,Wilson,0.4026866204
617,Teresita,Sullivan,0.0026235285
797,Andrea,Barnett,0.7163203058
1545,Neal,Kemp,0.4173802773
9053,Nieves,Beacham,0.3455437501
2093,Johnny,Parker,0.1987214941
3072,Mike,Hobbs,0.0990058463
7524,Claudio,Pitt,0.8799990555
6829,Jerry,Avila,0.0386573824
8413,Christina,Hudson,0.6084000366
4347,Amanda,Newquist,0.8017708384
5660,Bernice,Knott,0.4095225905
9296,Mary,Morgan,0.2355944628
2823,Anna,Thomas,0.52105309
6643,Kelly,Vaughn,0.9048036891
7366,Stacey,Collier,0.6047714755
6342,Hilda,Frey,0.2242913856
3506,Kenneth,Hopkins,0.7258206382
7808,Elizabeth,Braxton,0.5656222168
3749,Thomas,Humphreys,0.9244813127
3753,Elmer,Jones,0.342146415
1314,James,Grego,0.4281675376
793,Tony,Mccall,0.1892020691
2151,Lisa,Redden,0.8094808047
6568,Vera,Chisolm,0.3771455949
3921,Etta,Rousseau,0.8260194459
626,James,Padilla,0.9683918005
4516,Larry,Avila,0.4537639252
1211,Rose,Ybarra,0.4098326513
4049,Yvonne,Jones,0.8759783073
1895,Edna,Schoenfeld,0.8561883622
2049,Joyce,Mcneal,0.2990883978
9972,Dora,Buchanan,0.3440920617
849,Ramon,Robbins,0.0353675513
6027,Alena,Durham,0.4985799824
3086,Margaret,Post,0.7759300054
9939,Lisa,Angel,0.2781805422
5669,Carol,House,0.6392214817
2691,Deborah,Felix,0.2008897155
6225,Jay,Smiley,0.7233034708
7381,Bernadette,Taggart,0.1787038008
1106,Donald,Fegan,0.8579449621
3892,Hector,Dominguez,0.2345801096
8257,Verna,Erbe,0.7669797218
8908,Brett,Foote,0.1246654436
9843,Michael,Wood,0.3639822202
5318,Katherine,Thompson,0.549102213
8102,Robert,Webster,0.7306797882
8914,Catalina,Hagan,0.4058426996
2986,Susan,Dunaway,0.0918603798
7278,Timothy,Sanders,0.0777820018
7755,Ana,Walter,0.0853361851
8168,Glenn,Hernandez,0.9941942608
418,Jamie,Long,0.1520172588
1684,Willie,Wallace,0.8250483822
4959,Joey,Worden,0.7279244859
4660,Carol,Maclennan,0.2673665835
2321,Rosemarie,Desantis,0.6705823035
9005,Alex,Salaam,0.3954137745
5778,Melissa,Felder,0.9658626805
6474,Albert,Lozano,0.3115279132
2236,Judith,Brinkley,0.3256644907
2169,Micheal,Winkel,0.356037657
5023,Miles,Weaver,0.8279782762
7719,Don,Hamada,0.7793135031
859,Betty,Skinner,0.3843352471
7402,Albert,Raley,0.1617981072
3480,William,Scott,0.7960352877
6369,Brad,Lawrence,0.9822286544
8515,Mamie,Renn,0.2350915961
5121,George,Korando,0.8104951729
8371,Eva,Bull,0.8497075499
7488,Royce,Madrigal,0.5314895127
4987,Harold,Crawford,0.4025087284
1526,Amanda,Godfrey,0.794516393
3056,William,Mack,0.6320701097
4411,Laurence,Butler,0.9158257267
5388,Judith,Morgan,0.0993881479
9818,Margaret,Robinson,0.6375248185
4368,Donald,Gooden,0.5845630972
5631,Roger,Melton,0.7202170703
1960,Rudy,Molnar,0.8436214009
8861,Gregory,Mann,0.2618682275
9330,Noreen,Mitchell,0.1184633181
8824,Ola,Monk,0.5646921901
7832,Sharon,Welch,0.4084859076
9770,Sarah,Warner,0.9017421398
7994,Allison,Anderson,0.9747320784
6996,Jacqueline,Knepp,0.4910437448
3088,Louis,Wolfson,0.6304639725
1744,Hilda,Lopez,0.8321445351
2774,Karen,Whittington,0.8913057121
3486,Daniel,Gibson,0.2538267658
7884,Elizabeth,Meyers,0.0671346937
2978,Belen,Womack,0.9145165365
9983,Robert,Reyes,0.0181548093
6151,Mary,Collum,0.6349035869
1966,Lori,Bergquist,0.5545025542
427,Graciela,Perry,0.3951456547
3186,Emil,Moore,0.4814704729
2062,Nicole,Spivey,0.3199726283
7632,Juan,Wade,0.9107432847
3125,Daniel,Eldridge,0.352432878
230,Ila,Puglisi,0.4280539136
1062,Michael,Chen,0.8468477258
3914,Michael,Li,0.1731398904
215,Millard,Wright,0.386407393
4453,Margaret,Gable,0.4567204374
5814,Christina,Scott,0.0858636301
7003,Mark,Pham,0.5629570687
3481,Meagan,Humphrey,0.6812450562
992,Evelyn,Keller,0.5095475705
2438,Joshua,Griffith,0.0884434248
5313,Ruth,Chan,0.7970015472
7973,Kelly,Durgan,0.8072931697
151,Jennifer,Dye,0.2051256103
2734,Jerry,Pulley,0.4033701443
6922,Esmeralda,Baptiste,0.8193670267
2173,Alec,Fuentes,0.0071453054
7348,Christopher,Bolden,0.8457241352
3818,David,Dansby,0.4231968073
4990,Jose,Gainer,0.0307468176
3496,Garry,Puckett,0.2497286205
8279,Ping,Jenkins,0.4922211946
1356,Erma,Stephens,0.1823001183
6022,Jason,Williams,0.165583512
480,Martha,Theis,0.0092234078
6393,Dan,Gillis,0.9345756175
8460,Lonnie,Johnson,0.8821551213
8757,Sammy,Willard,0.3555250133
1951,Frank,Burris,0.2687991322
2223,Karen,Laster,0.1657754525
130,Helen,Givens,0.6294658817
3092,Richard,Clark,0.4602799348
2809,Kevin,Smith,0.7031398837
6167,Jane,Brew,0.2893678513
6326,Eva,Taylor,0.2076110763
9725,Roger,Tapia,0.0471733927
9243,Carla,Calkins,0.1957081426
90,Eric,Morris,0.1806364895
7191,Byron,Granger,0.0424750033
9777,Paul,Murray,0.536219721
9297,Stephen,White,0.1173009945
1096,Brandon,Peters,0.4628318627
1888,Bonnie,Vuong,0.8430580648
2392,Frankie,Johnson,0.4512461459
7844,Tonya,Molyneux,0.1794601171
4945,Barbara,Plyler,0.7742700698
3067,Carol,Adams,0.1795318013
8137,Manuel,Jimenez,0.0013843018
3087,Leslie,Williams,0.4067875366
5527,Ernest,Thiel,0.8836854482
3768,Sonia,Spitzer,0.215521557
7578,Linda,Carlson,0.0353022725
8110,John,Ainsworth,0.4212693793
7623,Romeo,King,0.9888131481
6085,Lavonne,Sledge,0.6276760895
512,Karen,Plaster,0.4292724829
9441,Stephen,Parker,0.5962070513
8620,Florence,Crockett,0.9004199626
15,Jamie,Bennett,0.3044961155
4606,Richard,Casey,0.2312867916
8092,Louis,Nelson,0.3255036524
1286,Lisa,Anderson,0.4737835771
7299,Andrew,Chaplin,0.4204307562
4577,Robert,Beale,0.8482869051
6502,Casey,Brookover,0.8648750361
5456,Carol,Murdock,0.378052434
5196,Paula,Leader,0.6489887503
9368,Catherine,Snyder,0.9213033628
6368,Lynne,Patterson,0.8412376437
3262,Andrea,Matthews,0.6327121344
603,Joshua,Rogers,0.2207079744
2543,Emma,Thompson,0.8805615376
3543,Jackie,Alexander,0.4232742179
5503,Kenya,Joslin,0.3867219291
4381,Pauline,Mendelson,0.6367115264
8722,Thomas,Blythe,0.9346474237
2030,Nathanael,Prosser,0.1365265346
3625,Danielle,Cooper,0.317636508
7114,Elizabeth,Williams,0.6887054092
500,Michael,Hicks,0.2395328234
1328,Margaret,Perry,0.5155957567
9699,David,Cunningham,0.618393901
5116,Abel,Sparks,0.7486491159
8196,Jay,Bosley,0.9006735955
8296,James,Perkins,0.0302728547
9219,Jessica,Hopkins,0.6305139216
5003,Mary,Horn,0.9751548814
5781,Kayla,Mceachin,0.9010286536
5673,Patricia,Crozier,0.7375808773
675,Kevin,Newman,0.263899511
5942,Richard,Justice,0.5156270894
6492,Sue,Kelley,0.1549283271
9080,Eva,Carothers,0.9131077733
6660,Henry,Mcdonald,0.7920384388
6718,Kathryn,Jones,0.5506988813
2553,Monica,Kea,0.5443213843
4401,Benjamin,Kendrick,0.7738566268
959,Scot,Bruckner,0.0511191709
6986,Deborah,Clausen,0.9343913984
7670,Blanca,Parrish,0.6591474947
1139,Kendra,Carlson,0.8876085677
7247,Wayne,Quick,0.2972115593
5137,Todd,Hicks,0.5430027947
3755,Edna,Sumrall,0.7757506792
2383,Stephanie,Stewart,0.3231238674
2405,Michael,Tomlinson,0.2765814087
2687,Billy,Reese,0.9304124839
3103,Terry,Williams,0.7700905155
3691,Thomas,Steinbeck,0.8049226864
2048,Robert,Connelly,0.1678538732
1514,Alex,Mann,0.6623929101
8647,Deborah,Parker,0.9951877934
9141,Chester,Farrow,0.1696020681
9193,Joseph,Tom,0.2423762192
4174,James,Herb,0.2185106606
1902,Mitsue,Swafford,0.9147673007
3237,Lavonne,Williams,0.3415682407
4881,Carolyn,Fullerton,0.1351947074
3942,Benjamin,Panos,0.2756544864
9060,Vivian,Green,0.3575540825
2787,Laura,Sprague,0.975383633
9206,Christie,Mccasland,0.5025889638
39,Irene,Skillern,0.5847241567
8936,Greg,Collier,0.5692505718
7264,James,Fisher,0.143660733
1099,John,Mathews,0.5964831787
9582,Amanda,Higginbotham,0.3716661285
6878,Amy,Parish,0.5885415187
4748,Mary,Tapia,0.1368639709
2864,Fred,Kimbrell,0.9332441823
2263,Cecil,Golden,0.6027613459
5488,Jimmy,Madrid,0.9321955787
4045,Ivan,Marrow,0.0317961813
5276,Marshall,Stark,0.56270781
6889,Deborah,Angelo,0.3480186176
6178,Sharon,Chandler,0.1934775212
2313,Bonnie,Kerns,0.9131989249
2560,Sandra,France,0.7745444563
6122,Brent,Magallanes,0.4276141562
7338,Manuel,Milligan,0.6659028726
2342,Herlinda,Sinkler,0.1495530689
5384,Daniel,Waldron,0.8081014091
5367,Linwood,Gorsuch,0.9946692309
6275,Patrick,Eubanks,0.2914467615
7456,Ada,Johnson,0.1203469574
3888,Jerry,Giles,0.8376686971
7959,Angelica,Glenn,0.9696744026
9184,Brenda,Patti,0.8103645174
5439,Aida,Kimball,0.1579320054
5102,Jason,Robinson,0.426769047
4369,Doris,Fisher,0.7419984771
8304,Kristina,Vasquez,0.2315880214
3182,Ryan,Mcrae,0.5042554534
2969,Jeffrey,Rodrigue,0.9929748536
6240,Christopher,Fowler,0.5981254242
4815,Cesar,Martin,0.8691775927
9919,Jerry,Hubbard,0.1408679574
6625,Daisy,Parenteau,0.1953843243
6872,Frank,Gordon,0.1377356329
1294,Maria,King,0.8814257418
9971,Allyson,Orellana,0.3919526392
5691,Tamala,Deleon,0.5581078331
618,David,Royal,0.3735835445
3070,Mee,Magness,0.609880371
4729,Kathy,Chavira,0.9958855091
1243,Jeremy,Fisher,0.7507584805
9595,Joseph,Lebron,0.0154872949
891,Christopher,Hills,0.7583126167
4326,Beverly,Fullmer,0.096422941
5452,Dan,Swain,0.8376612237
4376,Norma,Richard,0.6884139762
8959,Karen,Gallegos,0.0273904728
5562,Gene,Tyler,0.6233238892
7203,Emily,Davis,0.6085948488
4274,Georgia,Malave,0.470131574
4979,Barbara,Stephens,0.1349695777
3230,Reginald,Jude,0.9909083198
9469,Amanda,Cleghorn,0.5630118449
3229,Brian,Terrill,0.5977528605
836,Ted,Simmons,0.3959902744
3947,Mary,Mcclanahan,0.8448091901
4927,Nicole,Cunningham,0.7483062884
5202,Floyd,Parker,0.7927113753
5695,Samuel,Mcdonald,0.1821061242
6289,Robert,Rodriquez,0.5662132015
9475,Donna,Mcdonough,0.640078793
6595,Raul,Rodrigues,0.1536654464
5659,Stacey,Tarver,0.3203226891
2295,Herbert,Willis,0.8425114288
3199,Barbara,Martinez,0.4177887959
7297,Jeffrey,Carroll,0.0874796044
2959,Peggy,Elliott,0.9995786618
384,Tanya,Chandler,0.7902306006
9678,John,Schaeffer,0.9071563021
7858,Nina,Ahern,0.0894517996
7601,Luanne,Hall,0.8226883891
3955,Patricia,Mejia,0.9336785704
7416,Patricia,Walsh,0.6904479594
4988,Joshua,Macfarlane,0.7919935673
8759,Lora,Morrison,0.5837717948
1761,Nicole,Short,0.9709211285
3401,Brian,Matthews,0.1701324792
3917,Karima,Yates,0.3895693102
4773,Mark,Pickett,0.545891128
1539,Teresa,Handy,0.4094356052
4633,Stephanie,Stockton,0.6526500778
7522,Christopher,Nelson,0.8410887131
2202,Ernie,Do,0.8536967705
5045,Estella,Steed,0.075454138
6253,Almeta,Parker,0.4757758309
5135,Harold,Oneill,0.5868560933
4911,Denise,Wood,0.8510788868
5114,Beth,Amaro,0.7324344991
5237,Elvin,Schmidt,0.0290104789
2911,Daniel,Oles,0.0687936493
3334,Daniel,Arnette,0.1559734989
7162,Tuan,Griffin,0.5642456715
7304,Betty,Martin,0.4046142309
9836,James,Rountree,0.6576338622
1796,Renee,Cross,0.2320618248
2720,Thomas,Aragon,0.3455650948
1287,William,Travis,0.881432821
6495,Agnes,Morgan,0.1709287951
1360,Myron,Mancia,0.9133780147
3153,Kevin,Bacon,0.4403220969
2039,Charles,Bergman,0.3359328101
6115,Dorothy,Ashcraft,0.3012397306
7255,Carla,Lemen,0.1993682862
495,Albert,Jackson,0.817242627
4519,Gloria,Gagne,0.6130981185
6634,Patricia,Franklin,0.3579174788
8213,Deborah,Shaw,0.3527225538
6748,Denise,Gaskins,0.9604536202
4332,Carrie,Morton,0.7555785344
3453,Jose,Wright,0.0001289672
8063,Rhoda,Chason,0.6975875439
331,Mildred,Lewis,0.2864945147
7379,Gene,Lafond,0.0110811617
7136,Charlotte,Braun,0.62141402
930,Lois,Adams,0.3582741332
8903,Pamela,Culbert,0.4721932816
2677,Aurelio,Mathis,0.9988087455
5380,Gail,Lawlor,0.3176304172
7648,Melinda,Adams,0.1909042173
7806,Brendan,Minter,0.6921978316
7413,Barbara,Stevens,0.8073621313
8921,Robert,Jones,0.6602048224
1921,Hannah,Simms,0.61806453
6929,Jeremiah,Bennett,0.8072281322
8236,Ralph,Ferreira,0.3843294824
3574,Vicki,Carreras,0.6245661017
9773,Christina,Waters,0.9796879555
8430,David,Herbert,0.6178243537
9930,Deborah,Brown,0.9506970409
9278,Dirk,Gray,0.0063350473
6056,Brandon,Gold,0.0140009013
6088,Iris,Mace,0.5252762863
839,Sherry,Gaston,0.1794096353
9795,Richard,Bailey,0.5727561121
8064,Ollie,Mcewan,0.6845951928
9353,John,Tipler,0.6880375256
6274,John,Jackson,0.268470329
5489,Joanna,Mueller,0.5078897963
6776,Antonio,Sifford,0.5270928494
448,Megan,Fisher,0.6277107475
8334,Joseph,Steinberg,0.4035697235
6447,Renee,Johnson,0.9522893042
7599,Darlene,Baillie,0.9112110483
7216,Becky,White,0.4985062948
8990,Willie,Rodgers,0.7071770218
3740,Jerry,Ruiz,0.6654596583
1374,Jesse,Harrison,0.2013731862
8589,Pamela,Mobley,0.2485316508
4778,Steven,Marshall,0.8890597525
4549,Juan,Choe,0.8191950384
3741,Shirley,White,0.6779167159
6627,Amy,Koonce,0.9480947568
1485,Helen,Solomon,0.8747230754
4256,William,Watson,0.6557214905
3104,Mary,King,0.6592251228
2221,Beatrice,Michael,0.512272309
2053,Bobby,Solum,0.8824615187
2763,Gary,Yarbrough,0.7234519322
6840,Joan,Miner,0.1852961276
1140,Marie,Kirschner,0.4968542869
6891,Nancy,Johnson,0.5244529899
991,Rufus,Jager,0.4996769349
8040,Lila,Terrell,0.1517776672
8525,Robert,Flores,0.2241932019
4330,Nancy,Yutzy,0.5755745077
3472,Charles,Welcome,0.2319748576
3982,Jaime,Barnes,0.2512056322
7851,Mary,Carter,0.8751543649
940,Eric,Woodruff,0.388218998
4983,Brooke,Ellis,0.3910410742
1206,George,Coleman,0.8154472774
1031,Wendy,Singh,0.0015996923
4357,Timothy,Stevens,0.5631664093
5667,Pedro,Payne,0.6903181246
4431,Patti,Lynch,0.6442981961
7267,Jennifer,Beck,0.7266720613
8116,Marisa,Wyant,0.1413986403
2619,Thomas,Myers,0.1046743826
4446,Diane,King,0.2191422519
4950,Deanna,Mcdaniel,0.6762280236
8794,Carmen,Ensign,0.1917899167
9466,Sheena,Choi,0.6720277711
3179,Michele,Valadez,0.1582460627
7096,Jo,Ridgley,0.374757394
7494,Herman,Cochran,0.3489899277
2102,Genevieve,Bennett,0.893853711
7777,Madie,George,0.6257712741
2310,Randy,Briggs,0.42477564
7550,Willie,Holliday,0.3465415428
4928,Shirley,Cooks,0.1325910569
7752,Elmer,Johnson,0.5451162623
1155,Lottie,Tucker,0.5841947549
9511,Katherine,Jones,0.9429047971
3448,John,Bishop,0.1807745502
4600,William,Bailey,0.4911011569
8669,Douglas,Bryant,0.6733151232
9876,Gay,Walker,0.5237064115
3149,Rodney,Martin,0.8489443811
1015,Ross,Wiggins,0.0959359119
6090,Victoria,Saleem,0.4659737444
3265,Mathew,Veras,0.4663312985
7287,Mildred,Devine,0.4838328876
9009,Michael,Youngblood,0.457376136
508,Ricardo,Hom,0.4939913463
2022,James,Burdette,0.6660988743
8782,Harriette,Williams,0.6323915988
4585,Lance,Richardson,0.9814832008
287,George,Skoog,0.1316959697
65,Willie,Usher,0.0426622781
9667,Dawn,Marburger,0.6105451446
3427,Robert,Hester,0.1914435145
5094,Andy,Ortiz,0.7283994942
2390,Laura,Mynatt,0.9666723544
1910,James,Rogers,0.2601060618
3657,Kathy,Overturf,0.1895314611
173,Kenneth,Case,0.6420486155
2572,Kelly,Chevalier,0.8783385917
5341,Marc,Ortiz,0.1631068443
1054,William,Kollar,0.3768370999
4091,Helen,Hubbell,0.0018882973
2807,Wesley,Perkins,0.5622193944
5849,Bruce,Haley,0.3253698575
1231,Kathy,Riley,0.6652542236
2051,Rosalie,Bergevin,0.1278253193
1248,Walter,Barbour,0.724489673
751,Clinton,Ruiz,0.7758814369
6454,Brian,Lopez,0.4539369759
3617,Charles,Wilson,0.1593514748
766,Christopher,Campbell,0.2637425035
5444,Sarah,Raymond,0.8326942599
6246,Dorris,Hayner,0.113005054
2214,William,Hopkins,0.5742125828
444,Michal,Mcgee,0.4101222553
6768,Kristina,Ruiz,0.3407605286
9776,Peggy,Martindale,0.9414998179
1159,Lula,Villarreal,0.4547557929
282,Caroline,Quisenberry,0.0995836388
6405,Mary,Palmer,0.140621366
1336,George,Reed,0.1613271385
4412,George,Ogden,0.451756879
9764,Katie,Carpenter,0.4482323001
609,Nora,Morin,0.4688515477
3949,Emily,Parra,0.2908383228
1748,Susan,Perino,0.7085214145
3,Jessica,Hardy,0.7565856841
8601,Stephen,Grenz,0.5155449389
6479,Dan,Bradley,0.2430619667
3348,Joseph,Crouse,0.2253546275
566,Manuel,Johnson,0.734412204
3428,Marcie,Mcraney,0.5789268115
3357,Ila,Westgate,0.2112062096
4923,Robert,Norris,0.2367592268
7970,Douglas,Dicks,0.3198503859
9700,Edward,Kaul,0.4135717852
5615,Cheryl,Beach,0.9852650405
4265,Clara,Beard,0.9714284271
3783,Marvin,Robbins,0.6251817246
8306,Katie,Fallin,0.7313547798
9506,Joyce,Johnson,0.8910095382
9823,Sharon,Fuller,0.2570986371
8774,Sarah,Lloyd,0.7722376571
7071,Elizabeth,Oliver,0.0894804527
1742,Allen,Rosas,0.0052326899
1806,Carrie,Quinones,0.1172111717
1361,Erin,Colon,0.7189659963
7689,Marjorie,Butler,0.6535499727
1527,Mary,Surface,0.5891654205
652,Michael,Henderson,0.6869902436
4254,Silvia,Mcintosh,0.2794063883
9161,Charles,Kelly,0.4975540238
4046,Sharon,Schwartz,0.1691757941
3132,Stephen,Jaimes,0.6411999501
1363,Raymond,Turner,0.2927150771
520,Jessica,Moseley,0.2962872179
4190,Terry,Poole,0.6493036207
3838,Albert,Davis,0.7214223465
5687,Kenneth,Gonzalez,0.8642500399
615,Darlene,Houser,0.0629055861
9266,Michelle,Cannon,0.4268169834
9893,Susan,Smith,0.2754623257
3908,James,Robles,0.9253560808
5142,Joyce,Church,0.4431820749
4543,Jacqueline,Martone,0.2207432415
6959,Delores,Ali,0.7634304215
1117,Doris,Chang,0.2384935783
9537,Wendy,Jones,0.8794250069
2726,Michael,Sanchez,0.5489563509
2355,Helen,Summers,0.5852305777
6137,Luis,Perkins,0.7023582256
9391,Kevin,Jordan,0.0375083017
10,Jane,Brandon,0.210088467
8870,Maureen,Frias,0.1926106061
844,Renee,Padilla,0.4104567482
4868,Frank,Gutierrez,0.8189980651
1008,Jennifer,Fischer,0.5790598707
4749,Robert,Warren,0.2369198203
6220,Charlotte,Ortiz,0.9504824211
7201,Angela,Mendez,0.8187860416
4838,Doris,Hoggan,0.6733419425
5954,Christopher,Birchfield,0.5744894508
2121,Adela,Wilham,0.1044872545
5563,Dorothy,Buckley,0.4873577447
4514,Henry,Taylor,0.4991940563
4787,Cameron,Reynolds,0.0198582413
5719,Kimberly,David,0.9762768224
789,Helga,Willman,0.7882291218
9932,Dianne,Hawley,0.1608323541
3600,Thomas,Boyles,0.4147906564
5344,Deborah,Bier,0.396816113
3016,Jeffrey,Marshall,0.0678203092
8243,Roger,Bell,0.35797677
3627,Joe,Butera,0.6136546193
5785,Sandra,Poplar,0.061198025
8855,Hugo,Fowler,0.7302444589
1333,Jaclyn,Johnson,0.5700206843
2777,George,Cook,0.0276858003
980,Matthew,Minor,0.813680667
2348,Merrill,Gibson,0.1816545636
4760,Lillie,Greeley,0.9259608365
5566,Beth,Lynch,0.9953010511
6902,Lauren,Durand,0.6766610926
454,Lynn,Pacheco,0.3051798006
4967,Joseph,Newton,0.7192829172
1132,Merle,Collins,0.3427745316
6094,Brendan,Mitchell,0.7332685706
3296,Travis,Pickering,0.4977911827
9986,Jesse,Valdez,0.076583979
146,Dave,Cunningham,0.8775454282
8033,Roberta,Bryan,0.6103274785
2502,Paula,Wright,0.7423614983
715,Jennie,Taylor,0.6234440396
170,Ivan,Fendley,0.2832098217
389,Gloria,Young,0.0542335315
9446,Bernarda,Jackson,0.1358916347
2516,James,Quan,0.3898385935
8732,Eugene,Johnson,0.8447583446
8723,Lillian,Banks,0.0135343128
4184,Louis,Oyola,0.448898111
3068,David,Younker,0.1356347038
6551,Charles,Fournier,0.1461180672
6539,Joshua,Barbee,0.4908827886
6927,Beatrice,Blackburn,0.635791349
8886,Ezequiel,Gaddy,0.9846352141
6727,Wayne,Frank,0.8767004008
8471,Eloise,Miller,0.6359847663
1869,Barbara,Randall,0.1754470402
4132,Dorthy,Wear,0.584811341
6068,Margaret,Harriss,0.6457981798
1123,Robert,Balas,0.0965374494
1142,Philip,Letcher,0.1080960971
4475,Marie,Sammons,0.2423701489
8215,Donna,Wirth,0.9680870639
6232,John,Boyd,0.7140310777
6173,Frank,Rappaport,0.6738056538
3176,Glenda,Allen,0.6202289828
8145,Nathan,Hanson,0.8935570936
3499,Arthur,Velasquez,0.0018896181
9782,Lynn,Serrato,0.9040606203
2729,Wayne,Valentine,0.2819803993
4206,Florence,Holcomb,0.5451876044
1785,Barbara,Fontaine,0.1774743004
3442,Linda,Schwartz,0.8145768675
9188,Terry,Tamura,0.6463736261
1478,Mohamed,Fuchs,0.7130892377
8249,May,Salinas,0.7012401544
5016,Stanley,Albrecht,0.6840808236
614,Jacqueline,Ginder,0.3430293435
6912,Michael,Moroney,0.6148393129
8197,Susan,Rentz,0.8792418393
8117,Lonnie,Hayes,0.4836873731
2176,Lisa,Turner,0.057845888
2316,David,Mundy,0.564956591
878,Daniel,Morrow,0.2576700498
9648,Michael,Pederson,0.9230973388
8516,Claudia,Cohrs,0.9961878806
2280,Michael,Williams,0.4074687518
2900,James,Kowalski,0.1890732429
3466,Eugenio,Dockins,0.194135346
6034,Christine,Smith,0.6576411524
1957,Lillian,Cuevas,0.0306083732
865,Benjamin,Scott,0.0755503559
379,Kirk,Burton,0.4465196631
4031,James,Rubin,0.3373212893
8767,David,Kling,0.4671959206
7976,Karen,Mcdonald,0.2793939239
5608,Barbara,Robbins,0.7241094299
1612,Lee,Wagner,0.4885906237
8993,Elliott,Mckinney,0.0352695077
8443,Sabrina,Robinson,0.1736572175
5481,Ingrid,Ramirez,0.7432555859
3191,Cindy,Montez,0.4330358522
8915,Elizabeth,Mattos,0.329985335
5011,Cindy,Dionisio,0.1047547441
4908,Dodie,Hernandez,0.6136978613
537,Kendra,Bailey,0.8691662059
5086,Carol,Clark,0.8106257049
3608,Autumn,Becker,0.0142642187
9404,Francis,Warren,0.0111309155
9497,Kassandra,Fields,0.3926383432
5529,Nathan,Smith,0.881371872
190,Christopher,Eller,0.7085345781
3726,Danny,Elder,0.701973689
8387,Natacha,Gantz,0.2788996482
9338,Cecil,Thorton,0.7584286015
7508,Brett,Sumpter,0.5574181343
6309,Nancy,Mcgee,0.6756977325
3866,Juana,Flynn,0.0133777349
1739,Theresa,Powell,0.5814521788
3419,Alfred,Mueller,0.0049137829
3470,Hannah,Glass,0.1762649855
742,Jessica,Rush,0.2029429646
1453,Shannon,Nalls,0.7506068794
4151,Lula,Delvalle,0.7167453626
1164,Timothy,Freeze,0.5161658507
8598,Antwan,Morse,0.2499137779
6129,Renee,Bernier,0.2371390674
5124,Jaunita,Bailey,0.8905083002
1456,Sharon,Moseley,0.8664288847
9472,Ruben,Goodwin,0.8911503581
3965,Stephen,Harding,0.6498932978
9929,Shane,Gallegos,0.5269154054
6571,Juan,Williams,0.0151209426
5701,Jermaine,Witter,0.4878585574
7474,Rosalee,Haughton,0.3583167049
3049,Lakeisha,Dotson,0.4518602842
3425,Sandra,Harvey,0.6269224794
3277,Josephine,Ford,0.1305371111
4197,Evelyn,Jarboe,0.3469913176
4558,Charles,Mcadoo,0.4256517552
4014,Sandra,Fredericks,0.5349612916
158,Roy,Garner,0.5973504391
9903,Maria,Valdez,0.6912847955
6997,Coral,Esposito,0.4576697894
4861,Katherine,Slavens,0.610361858
7088,Mike,Robinson,0.6994503241
1523,Cindy,Holmes,0.8946086238
3929,Ronnie,Allen,0.8319817756
1364,Helen,West,0.1290136124
1747,Mary,Brittain,0.7577380601
1163,Josephine,Davis,0.9625541016
8853,Sylvia,Loyd,0.4701618166
1764,Frank,James,0.5973097901
3767,Marcia,Fulmore,0.655792448
5985,Jeremy,Brown,0.1697728552
4390,Terrell,Gayle,0.4628843218
4064,Damien,Moorer,0.7140106575
7822,Gary,Nance,0.9164940198
9362,Roy,Ruis,0.5403125663
3994,Steven,White,0.8288922179
2217,Paul,Carlisle,0.4224987444
4170,Patricia,Sherrod,0.4273501828
6092,James,Wheatley,0.6998064243
9056,Jennifer,Schell,0.2583836718
1907,Audrey,Entwistle,0.6341802513
3303,Katherine,Gettinger,0.0780371483
9271,James,Bowens,0.9104043765
3444,Edward,Musgrove,0.9364056813
6855,Sheree,Askew,0.5221824814
4420,Brenda,Jenkins,0.6168513424
8787,Kelly,Campos,0.6696175653
8336,Mary,Mcardle,0.646469767
2925,Floyd,Diaz,0.7624707662
6573,Jessica,Smartt,0.4874989246
5984,Serena,Blakely,0.6043006799
8683,Gregory,Landreth,0.9979201059
17,Carolyn,Hudson,0.9890669093
2127,Fernando,Perez,0.3885854294
262,Victor,Reed,0.631748118
5183,Megan,Smith,0.9634604575
3564,Edward,Hagen,0.3184653057
5658,Anna,Chatman,0.1870801931
8618,Thomas,Bingham,0.7125838888
7551,Allen,King,0.0033251212
1011,Jonathan,Ramirez,0.8857054354
2712,Sandra,Coronado,0.8487075611
4243,Michael,Hancock,0.36110624
2315,Mary,Romero,0.0460364812
4448,Regina,Pullins,0.9422930917
3040,Lester,Garcia,0.6816242489
9783,Jill,Hudson,0.5895072417
7751,Roy,Hudson,0.4776330122
113,Kerri,Hare,0.2717768978
8462,Chad,Golden,0.967355445
6184,Linda,Wolf,0.7886193732
9049,Annette,Kirk,0.2900709957
7687,Robin,Bales,0.1264803908
4491,Arthur,Dennis,0.7361166964
4702,Gary,Smiley,0.4190299774
8815,Ray,Seibert,0.2311749274
7305,Tiffany,Peterson,0.6268840709
8916,Jeanne,Chapin,0.9562951848
5960,Jacqueline,Lopez,0.9159997732
3714,Thomas,Houck,0.9727558203
4916,Dennis,Lewis,0.144661312
6680,Marshall,Carberry,0.8731556421
1359,Josephine,Buzbee,0.4704121968
6744,Richard,Stewart,0.5044542728
9696,James,George,0.6276081586
166,Richard,Smart,0.5367896273
3649,Brian,Lewin,0.4128044257
6077,Peggy,Love,0.8561652508
9570,Krysta,Ratliff,0.3102481302
660,Robert,Peterson,0.261839008
913,Mario,Whitman,0.4566286069
5726,Verna,Beggs,0.7470777573
8792,Joyce,Dean,0.2440343124
5436,Debra,Torres,0.1819358342
8283,Paula,Martin,0.8696370171
6796,Brandon,King,0.3088381931
2373,Regina,Mccoy,0.2432601741
5688,Lorenzo,Lauritzen,0.9594312035
7490,Jason,Gaines,0.6811972901
7815,Edward,Garcia,0.581816501
932,Kathryn,Myers,0.2716380481
7374,Patricia,Mcadams,0.9247481716
1241,Gerald,Rousey,0.776735083
7215,Sarah,Smith,0.5092021832
5748,David,Parker,0.638144806
9540,Warren,Cromer,0.4340816787
9567,Mary,Gross,0.2349618459
7871,Dorothy,Stang,0.5619958218
2754,Stanley,Hernandez,0.7463889804
4011,Jonathan,Hodo,0.5219986157
5122,Kathryn,Hammons,0.6731142558
9875,Josephine,Layden,0.5559990583
157,James,Burton,0.6811458694
8991,Brenda,Blue,0.104237149
2722,Donna,Fields,0.6926779319
6189,Gloria,Hartmann,0.4881988494
3518,Alisa,Harris,0.1560319099
8542,Catherine,Perrigo,0.3634051746
1775,Sheryl,Thompson,0.1608516951
4579,Joseph,Bates,0.6270972448
131,Krystal,Schneider,0.8080271191
6528,Darren,Dulac,0.2668773402
8027,Jose,Hammonds,0.3952727898
3835,Estell,Woodberry,0.1567497142
7343,Jerry,Hess,0.2449994506
1763,Dovie,Ellison,0.0171101841
2142,Retta,Foust,0.1005245089
4177,Luella,Jolliff,0.9258237877
3874,Ashley,Hance,0.0975389401
8173,Sandy,Shirey,0.9618700764
4554,Stephanie,Morgan,0.5461794261
1371,Pearl,Gallego,0.4267305089
6909,Christopher,Wilson,0.8893672398
2302,David,Starkes,0.5472501307
4592,James,Mouzon,0.2616048984
1689,John,Smith,0.7798356528
9439,Clifton,Mckim,0.4419807256
9257,Tiffani,Wheeler,0.9200979816
9302,Tyrell,Castaneda,0.2840453954
705,Gloria,Schmidt,0.9315217736
4208,Charles,Mccleskey,0.3224293778
2655,Lillian,Lindstrom,0.3134391729
5125,Steven,Camp,0.7105137717
4808,Jeremy,Plascencia,0.8778695692
8682,Irene,Boatright,0.0791759628
7321,Jamie,Rolland,0.4954514892
5617,Kenneth,Meyer,0.3896390309
6128,David,Dennison,0.1836579158
4123,Lori,Borders,0.0405390908
2681,Richard,Ouellette,0.4646335139
4165,Yolanda,Pirtle,0.9640696656
5528,Candice,Ortiz,0.3829568545
4345,Roy,Roberson,0.4048118903
1152,Michael,Farrell,0.2973222437
6181,Sherry,Corona,0.8909119405
132,Norma,Brown,0.2267413768
6844,Walter,Rodriguez,0.4048840785
2164,Linda,Marini,0.7138972215
1187,Emil,Moreno,0.4227393405
136,Richard,Bjorklund,0.9188824985
3172,Patty,Carron,0.4502817092
6295,Viola,Ellis,0.5453795621
4894,Walter,Farmer,0.3278382248
2195,Robert,Olson,0.0699585357
8139,Faye,Harris,0.3761887162
4521,Livia,Grimm,0.8626551796
2183,David,Russ,0.8402154231
1579,Edward,Hogan,0.8736859711
5603,Shaina,Christensen,0.988312141
762,Leslie,Fleck,0.227619461
5752,John,Bauer,0.6074742514
7496,Jamie,Beall,0.7168220889
6039,Louise,Long,0.6101896423
9559,Lisa,Rose,0.1211160319
8838,Helen,Vidaurri,0.1774896274
3633,Ernestine,Frizzell,0.0772884099
5795,Vonda,Gold,0.0723627792
1944,Kimberly,Puckett,0.9762325694
8405,Danielle,Jackson,0.8592908662
401,Louis,Wiese,0.6758886667
9448,Michael,Ward,0.9616360236
5070,Noriko,Reed,0.8816331865
5492,Marylee,Colucci,0.6770474233
9799,Christine,Garland,0.3579145565
5639,Mark,Cashwell,0.2103637655
8148,Leroy,Delarosa,0.7898111411
7835,Marion,Johnson,0.3165245298
7053,Suzanne,Fontenot,0.9372193443
8446,Rachel,Eversole,0.2987710459
587,Thomas,Meas,0.0234508929
2874,Donald,Hall,0.782738728
1510,Karen,Wallace,0.1474282718
505,Mildred,Christensen,0.7696346578
6396,Ronald,Fountain,0.7199898234
7767,Carlos,Price,0.710655258
155,Joshua,Smith,0.4857845658
451,Samuel,Larson,0.6400985334
5298,Eric,Garner,0.7517744887
3297,Tyler,Leone,0.7508378786
2917,Alyce,Leonard,0.2000518728
1461,Lauren,Mchugh,0.0345074439
198,Michael,Torres,0.4658881878
3653,Dorothy,Wiser,0.2156196393
912,Jimmy,Hutchins,0.8496820049
2576,Caleb,Tompkins,0.6740546159
8846,William,Bobbitt,0.6139045316
9166,Justin,Price,0.5902754874
5851,Sandra,Washington,0.23455203
2745,Mary,Cotta,0.44795127
4251,Denny,Shannon,0.1858920478
7790,Henry,Johnson,0.1305563797
7520,Natasha,Edwards,0.2819200407
3233,Joseph,Landrum,0.6515207333
7069,Ruthie,Marshall,0.6081782936
9489,Michele,Moore,0.4519628929
1125,Eleanor,Wahl,0.3858854203
2472,Luis,Magill,0.1979580077
3160,Michael,Davis,0.7375928576
4037,Tony,Gray,0.4894693182
8161,Pedro,Herrera,0.1910861235
5064,Theodore,Vann,0.3897799037
2776,James,Fitzpatrick,0.6524201939
6597,Gerald,Smith,0.5060807597
5916,Kelvin,Johnson,0.7284746491
3630,Zachary,Chaney,0.1545485873
4699,Mable,Morgan,0.216646146
535,Ronald,Morris,0.1971833196
4263,Thomas,Goforth,0.8701211549
8312,Lillian,Johnson,0.0440035148
9335,Eugene,Cook,0.4602367657
4027,Edith,Malkin,0.9239132772
5589,Kenneth,Myers,0.6904639441
2640,James,Leonard,0.0355517797
6525,Stephen,Wyrick,0.7811447212
4000,Nena,Pleasant,0.4607714731
8245,Gail,Prosser,0.7702881698
7938,Geneva,Campos,0.200757134
478,Donna,Turner,0.6843121562
8703,Traci,Burke,0.2748073565
9051,Candace,Cook,0.7970852621
4673,Maurice,Perry,0.317554475
2861,Lloyd,Kennedy,0.3042778741
1719,Diana,Gibson,0.5455250081
7903,Alice,Strauss,0.5725307574
2693,Bernard,Barbour,0.6853095323
2759,Sally,Mccrae,0.1877731937
8931,Ethel,Mcguire,0.125212396
2667,Meagan,Hubbard,0.764785561
2822,Mitchel,Davis,0.5240755514
3705,Tracy,Dotson,0.4328688427
1858,Dorothy,Hudson,0.4191677901
8731,Ramona,Webb,0.7628037948
536,Mary,Wellington,0.2630723543
5820,Delfina,Jenson,0.863459622
2885,Randall,Barry,0.96835356
5735,Daniell,Osborne,0.6698588282
4562,Dorothy,Delavega,0.3904055266
3171,Ron,Robinson,0.8161759684
3525,Wilbur,Sanchez,0.042032497
2682,Olen,Hamlin,0.2302820347
6073,Susan,Felix,0.2277589848
3667,Ronald,Burton,0.7467097316
9248,Tracy,Spencer,0.7426452443
547,Frances,Anderson,0.0891145784
731,Jonathan,Lopez,0.1776333787
7585,Anthony,Dobbins,0.3410949851
5038,Mary,Magana,0.1868223094
8146,Pearl,Epperson,0.9960678385
8321,Sharon,Thompson,0.551977471
8492,Veda,Powers,0.211677199
5750,Abigail,Roach,0.7967328627
1887,Charles,Hoffman,0.9603878292
7773,Viola,Garst,0.2855279432
3530,Brian,Beeson,0.1245261754
643,Chris,Buck,0.7746447078
7383,Linda,Seaman,0.0769717258
5930,Debra,Jordan,0.622279499
6564,Michael,Willis,0.8616851093
9615,Richard,Hargrave,0.7671284818
5689,Laura,Lewis,0.9732021934
5607,Joe,Powell,0.2796557322
2158,Larry,Sand,0.9950880585
6006,William,Wardle,0.6597107488
9109,Brian,Newberry,0.8695624892
6737,Kevin,Payne,0.2404371807
517,Raymond,West,0.5087654218
7315,John,Huls,0.4648947821
4588,Herbert,Schroyer,0.4117584729
6821,Rachael,Collier,0.1528209515
9671,Lucy,Patterson,0.389841591
7213,Steven,Fruge,0.2460142933
683,Erica,Latour,0.361432119
5323,Judy,Smith,0.4285319105
3180,Mary,Nickel,0.9787333908
2914,David,Johnson,0.9946056923
9769,Glen,Webster,0.8393570099
8062,Ricky,Wenger,0.4287336329
3257,Carol,Bryant,0.5723572725
9103,Robert,Prestwood,0.7846485532
9961,Henry,White,0.7680399676
7834,Susan,Edelman,0.0012218596
4193,Andrew,Bush,0.0803503867
1894,Joshua,Wallen,0.3143091165
3962,Maryann,Han,0.4470617981
2331,Lillian,Hoover,0.1739419084
2381,Virginia,Bartlow,0.7164657752
7645,Ralph,Cline,0.4152324214
5188,Carla,Chu,0.7126429128
5663,Brandon,Moultry,0.9440415427
4285,Cicely,Randolph,0.5126127442
3024,Ashley,Williams,0.8033900075
7393,Theodore,Stoneman,0.3289848811
4786,Gregory,Bolinger,0.4886647509
5500,Thomas,Jackson,0.9259833714
759,Amanda,Helsley,0.231575809
5568,Robert,Dutil,0.5214494879
2590,Glenda,Payton,0.6419969038
3400,Mary,Duncan,0.8212532483
3586,Frank,Whitlow,0.2767574524
5815,Lisa,Day,0.42492088
3846,Charles,Edwards,0.4553492616
6824,Joseph,Jensen,0.8456658379
5876,Mary,Tung,0.127050916
7308,Edwin,Torres,0.9952724657
4006,Kathy,Benjamin,0.7241735924
4346,Martha,Parker,0.6027680531
8428,Sharon,Mack,0.5007990345
9464,Tabatha,Keith,0.9898717199
107,Edward,Deering,0.0480730571
6759,Ronald,Wright,0.66121136
4616,Robert,Jelks,0.0684198756
9459,Richard,Mendez,0.6424101959
580,Mary,Ingram,0.9907666128
1660,Jessica,Russell,0.2983322276
9231,Anthony,Barnhart,0.5493402663
2086,Lowell,Cannon,0.1561310794
8176,Dorothy,Reid,0.8285250219
5859,Emanuel,Snodgrass,0.7498838576
7112,Richard,Ybarra,0.1488049903
4655,James,Jordan,0.1123347296
6515,Connie,Powers,0.4801404518
7656,Robert,Fair,0.1694189084
5941,Anthony,Johnson,0.7516655806
2318,Matthew,Kwong,0.1534123567
2414,Donna,Barb,0.6881118573
8332,Ruth,Black,0.2948453829
213,Damaris,Frank,0.0662379987
722,Juan,Mccormick,0.057928184
1331,Betty,Evans,0.7500205196
999,Maria,Gilliland,0.9159281466
5901,Mattie,Richardson,0.9323236158
110,Doris,Hunter,0.1499732339
7301,Carol,Reed,0.9957423063
8458,Sandra,Avila,0.3855884192
6395,Laura,Kennedy,0.4053823147
4764,Rosemary,Cline,0.2855774227
2602,Pauline,Garcia,0.5840757298
3813,James,Carpio,0.6497385926
960,John,Hunter,0.6099250652
5375,John,Will,0.5957628025
1925,Alan,Edmondson,0.2214594116
1983,Priscilla,Melton,0.1422356111
5990,Ronald,Williams,0.0971752945
2157,Janice,Schell,0.1940186489
2207,Eddie,Brooks,0.6916471603
257,Justin,Fontana,0.6653499899
2481,Mildred,Doyle,0.605587105
1552,Johnnie,Hargrove,0.8261880777
86,Michael,Harris,0.309636761
6602,Alice,Webb,0.8215939752
8284,Jeanette,Gregory,0.8187351315
7397,Jesus,Beal,0.1642227606
9232,Kaye,Sherwood,0.4875055647
4286,Martin,Price,0.6791931952
441,Jessica,Ponder,0.707486721
3859,Lillian,Valenzuela,0.1019225421
8225,Leslie,Rodriguez,0.6008159404
6075,Cindy,Smith,0.0337492074
1720,Terry,Bigham,0.93803768
2132,Lynwood,Walton,0.0343764497
3310,Linda,Hartman,0.1714365261
4737,Ethel,Swisher,0.5763770049
1194,Rita,Garcia,0.777931822
7176,Victoria,Smith,0.4395910269
8934,Janice,Jones,0.0918728961
7987,Stanley,Buckler,0.4017819806
8964,Felipe,Garcia,0.635643723
7539,Beth,Friddle,0.0353942886
7866,Ruth,Patterson,0.4776126279
8913,Mary,Morales,0.495152032
4289,Richard,Bowen,0.0823133299
9632,Monica,Lombardo,0.9993734935
2584,Carl,Thompson,0.6785018723
5853,Paul,Hogan,0.1216666109
8744,Larry,Noone,0.0967717029
9977,Patrick,Finnie,0.9335736793
2430,Donald,Brown,0.6165833822
1587,Sandra,Moreno,0.86909862
5787,Duane,Stanley,0.2946771979
2226,David,Lovelady,0.6734321218
4601,Elton,Fredricks,0.6751174896
1040,Maurice,Crawford,0.3814419268
9344,June,Mcfarland,0.4031606005
3550,Annie,Lay,0.8817006575
8980,Marjorie,Locke,0.4854047843
553,Joseph,Ruble,0.23348244
985,Johnnie,Rikard,0.1171594171
1184,Ernest,Kammer,0.7287712053
4328,Janice,Davis,0.2970652047
1930,Christopher,Gerard,0.2560463916
7481,Scott,Atchison,0.6976677957
6148,Velma,Oxford,0.7459055341
7046,Paul,Bernardi,0.6361218134
8199,Mary,Sutton,0.4442572768
9066,Eddie,Hatchett,0.0788400061
7421,Natalie,Snyder,0.8839357565
6524,Luz,Salters,0.8365103172
2165,Robert,Johnson,0.7049193289
6763,Randy,Baptiste,0.4612755554
3029,Mercedes,Lindberg,0.7417066391
7089,Jessica,Watt,0.4125025149
7406,Adam,Bissell,0.5422347523
3269,Tammi,Pressley,0.5815137704
8503,Chris,Llewellyn,0.5571252615
7209,Rose,Sewell,0.8785872543
1229,Tina,Dunkle,0.195618816
7472,Teresa,Riddle,0.974366701
2356,Mary,Richardson,0.790310662
4847,Earl,West,0.883395531
7510,Donny,Brooks,0.9909550855
3463,Steven,Muse,0.743047016
1599,David,Robinson,0.6300162827
1790,Gloria,Fontenot,0.4945457531
9440,Judy,Martin,0.1792462328
48,Brenda,Gray,0.7162181134
882,Mayme,Brousseau,0.5752617517
651,Beulah,Weatherholt,0.3377158726
5774,Tiffany,Holt,0.8100170807
812,David,Clark,0.6270379892
7577,Rebecca,Ashley,0.1240625563
2556,Harold,Gardner,0.0210085437
5461,Theresa,Cruz,0.612011567
4858,Eileen,Chartier,0.1275764178
1603,Richard,Branch,0.0026982629
2845,Joyce,Jones,0.4518240783
4160,Judith,Nelson,0.4328447585
5373,Brittany,Vallejo,0.967241646
4643,John,Mccoy,0.5347919054
84,James,Shellenbarger,0.4251603915
7509,James,Moore,0.860800754
482,Jean,Medina,0.2524224021
3963,Elsie,Davis,0.1075853033
8902,Keneth,Butler,0.8804380493
9214,Kathleen,Washington,0.538484039
1852,Damon,Tsao,0.3266878733
5479,Daniel,Williams,0.9955637935
7471,David,Champine,0.0800377603
7937,Sandra,Serrato,0.0008341607
4937,Edna,Caruso,0.8926940532
5146,Brandie,Schacht,0.677627543
484,Catherine,Robinson,0.666817188
3476,Patrick,Cates,0.7084289717
9321,John,Degraffenreid,0.6121387552
2419,Anthony,Quillen,0.8163250717
205,Sara,Gallardo,0.397345277
6911,Michael,Griffin,0.1064600192
8513,Claretha,Culver,0.8157532811
9430,Theresa,Estrada,0.0065885996
1203,Darlene,Burt,0.6952915727
5632,James,Anderson,0.6820145822
6703,Barry,Fritz,0.7468104686
550,Christine,Brown,0.4125952914
6830,Jonathan,Phillips,0.5436090357
2254,Jose,Durbin,0.7757842289
9784,Todd,Gilmartin,0.1374772103
5873,Sue,Hubert,0.8173123635
4822,Ana,Mcnamee,0.01013631
3261,Ryan,Walters,0.907287295
8424,Angela,Shively,0.0183779986
214,Charles,Goff,0.6961269034
1167,Isabel,Spencer,0.6394493252
8539,Susan,Ward,0.9897378078
1256,Mary,Ziegler,0.5650063686
5061,Jeffrey,Jamison,0.2404307963
3195,William,Felton,0.8073081879
1072,Dale,Hoffman,0.0093846731
5158,Nancy,Speer,0.095754327
4641,Kyle,Wallace,0.1319295324
7484,Rebecca,Nixon,0.4885832851
8227,Susan,Coe,0.76947127
194,Charles,Jennings,0.2988350792
4207,Tomas,Mcdonald,0.0160358464
9997,Jennifer,Andrews,0.1323415504
432,Robert,Nye,0.1417509613
9526,Benjamin,Hornick,0.6222213898
2324,Clint,Valentin,0.5544400159
6588,Luther,Long,0.4079183755
2160,John,Goods,0.4866138452
3857,Faith,Gonzalez,0.6749060259
8799,Elizabeth,Corrales,0.8407658897
3773,Stephen,Taylor,0.8815027704
3860,Louis,Fullmer,0.331646309
123,Joshua,Griffiths,0.573973563
3609,Peter,Walker,0.3123638001
4978,Linda,Truex,0.2586407105
4294,Michael,Robinson,0.2875351363
645,Robert,Santiago,0.5370731887
6882,Martha,Anderson,0.2554565084
3271,Eula,Johnson,0.2295710903
8209,Lillian,Faulkner,0.785605232
6436,Althea,Fleming,0.6838689218
4929,John,Hunt,0.6606708104
6331,Mark,Bergman,0.4677791554
4019,Francis,Rice,0.7462974649
6206,Raymond,Barnhill,0.7980683283
9171,Rachel,Brown,0.4383124842
656,Tami,Fisher,0.2931495649
5430,George,Grimm,0.3482836916
5433,Mark,Tucker,0.9816319591
4485,Ima,Bradbury,0.2972613908
5288,Jessica,Woods,0.1848474178
2088,Mike,Posey,0.7903622286
1859,Patrick,Green,0.9098227066
3690,Ashley,Flores,0.465245405
8627,Marcos,Byrd,0.1741111847
5858,Jerald,Allums,0.2620869153
709,Wayne,Avila,0.9013340196
2579,Garry,Miller,0.7594651182
5381,Martha,Smith,0.5452176819
5644,Stella,Parr,0.8409552262
5119,Robert,Ruhl,0.8448750295
9968,Gregory,Henry,0.0153550247
1877,Millie,Fuentes,0.1059860962
8541,Esperanza,Gonzalez,0.5951394362
1812,Ethel,Talavera,0.2627108954
6692,Shanon,Mendez,0.3131791048
2902,Frank,Smith,0.8308820946
3935,Paul,Barajas,0.9866961669
3395,Joan,Cobb,0.1848093425
1629,Forrest,Thompson,0.1228679635
8885,Carrie,Cassady,0.4850620539
9111,Jerry,Desroches,0.0561016588
2067,Joe,Gomez,0.7368816668
9942,Robert,Davis,0.4560502442
1860,Lois,Webb,0.7223743524
1643,Julia,Brown,0.3286428084
9238,Melissa,Howard,0.0005053259
85,Lorraine,Elrod,0.7295433362
1901,Margaret,Bryant,0.071516464
7280,James,Brennan,0.0959769152
5155,Leslie,Gott,0.4048371178
3226,Kristine,Reed,0.9526189924
1846,Ronald,Kelley,0.238872088
5418,Myra,Dixon,0.7077249992
4163,John,Robinson,0.2244761346
4920,Manuel,Gonzalez,0.2100671597
9308,Audrey,Phillips,0.7094198088
5075,Marsha,Mason,0.9971271819
7065,David,Werner,0.6688574255
2425,Julia,Gebhardt,0.3257237794
7099,Wilson,Hunter,0.4601917842
7137,Jessica,Williams,0.8386234702
1530,Sandra,Johnson,0.6841502024
9865,Deon,Walston,0.3598775244
2520,Willie,Edwards,0.010088589
4676,Hazel,Noland,0.3425072068
6626,Paul,Zimmerman,0.805557397
6954,Anthony,Stewart,0.6195627484
5995,Henry,Parker,0.6256273105
4222,Santina,Hendrix,0.4385594814
8275,Jennifer,Music,0.5202333103
5239,Amanda,Golden,0.9177365103
5880,Aubrey,Jones,0.6409960787
5446,Eugene,Driskell,0.7050803264
5829,Hazel,Cleveland,0.8349886129
7644,Valerie,Ortiz,0.5370287076
1260,Deborah,Matthews,0.3344445177
8384,Janet,Samuel,0.84074681
3097,Robert,Oliver,0.2650050058
3870,Ralph,Drake,0.1432612347
5314,Craig,Castro,0.020169971
4305,Linda,Terry,0.1557221028
3770,Michael,Don,0.9697715922
2224,Shirley,Chamberlain,0.4442890179
3681,Ramona,Rueb,0.0566161117
2015,Anna,Johns,0.481084269
9757,Jennifer,Schwager,0.7589774334
9553,Susan,Clow,0.0672315166
2860,Denise,Gonzales,0.3435285487
6101,Helen,Gomez,0.7334053493
2482,Percy,Estrella,0.4435534908
4128,Maria,Kim,0.0770463946
5956,Yvonne,Rodriguez,0.9215745803
5586,Silvia,Bortz,0.9671375614
7409,Douglas,Garcia,0.1256497721
1343,Leann,Williams,0.2742147623
4695,Mark,Jones,0.8655355095
8711,Shirley,Lewis,0.2648931907
3764,Jeffrey,Swanson,0.2146528848
8274,Edmund,Lawson,0.9004478722
3751,Carol,Lowe,0.878973983
6065,Wayne,Cooley,0.0784153254
9658,Troy,Albright,0.7457569132
7051,Thelma,Hudson,0.0885725613
4218,Emma,Ely,0.8105450287
6054,Terry,Tonkin,0.7302682111
7257,Misty,Lee,0.2331505574
1986,Jamie,Evans,0.7953125851
6170,Christopher,Mitchell,0.0904368081
2857,Mary,Russell,0.0275069408
9801,James,Bowman,0.6863779079
979,Brenda,Parks,0.1518138719
5213,Marcella,Mccleskey,0.5049567544
9883,Kyle,Peterson,0.9583487662
7047,Carol,Faber,0.3898275939
4827,Richard,Lassiter,0.2957738035
8678,Catherine,Enciso,0.3534431476
2707,Edward,Kissell,0.2776921506
4226,Mildred,Reade,0.1729776256
3079,Henry,Ennis,0.8140301092
1385,Almeda,Mosley,0.5443433265
5817,Robt,Cox,0.4278464618
2532,William,Ortega,0.4187767492
4687,Lena,Roland,0.9374116173
1688,Bruce,Murry,0.928280469
2804,Kimberley,Johnson,0.1872208011
1313,Farrah,Chavez,0.8036363232
9534,Thomas,Letchworth,0.2022129316
4249,Wilbert,Brown,0.6452402009
6158,Annette,Johnson,0.9783565081
4335,Sandra,Dietz,0.3914326178
7757,Carl,Gamble,0.9713550832
3934,Otto,Kemp,0.3250304793
5409,Glenn,Rose,0.2550903808
9204,Dana,Garcia,0.9113077309
7011,Teresa,Harrington,0.6082179616
330,Lucinda,Boll,0.7734625931
9262,Jane,Lee,0.3668098857
4152,Eve,Crews,0.1626686885
3178,Mildred,Hearn,0.0710299388
7081,Walton,Littlejohn,0.4283558854
2358,Gertrude,Clifton,0.5978214396
3157,Dennis,Friend,0.758953722
3862,Carmen,Sandoval,0.9932792955
7816,Katherine,Pomerleau,0.1868532032
740,Jon,Reed,0.6397086817
8632,Robert,Reid,0.2806096128
5168,Nancy,Morales,0.6848274653
5600,Barbara,Bond,0.6298649812
1772,Blanche,Nielsen,0.8513280705
2084,Alonzo,Perez,0.5823581272
5280,Paul,Payne,0.7871855379
4831,Tosha,Russell,0.0426921947
4176,Tina,Campbell,0.4291487022
8070,Edward,Creech,0.0963349487
8272,Lee,Vaughn,0.6814812825
9303,Penelope,Mckenzie,0.0130875844
8856,Sherri,Gomez,0.493767665
5053,David,Hester,0.4665427133
8217,Frank,Ivy,0.3770844163
7595,Angel,Lewis,0.994781737
2161,Kelly,Nichols,0.0554671746
894,Natalie,Harris,0.4153739652
5304,Michael,Smith,0.9037800957
7237,Erin,Prince,0.983470625
6523,William,Pinson,0.3862964262
7778,Amanda,Harvell,0.0054922029
281,Melvin,Whitehouse,0.5010030679
6645,Francisco,Taylor,0.728202661
9431,Robbin,Dinsmore,0.3761434441
9596,Jonathan,Wise,0.4910005808
6316,Pam,Plaisted,0.5046998837
5517,Mary,Estes,0.3016849193
2924,Connie,Herrington,0.6189861253
3821,Margaret,Williams,0.0198223358
2259,Chadwick,Patten,0.4621737676
2166,Lawrence,Brown,0.9725641438
6074,James,Pridmore,0.2008849962
2229,Liza,Masters,0.5425628447
7692,Brenda,Richardson,0.7463885781
4568,Phillip,Hurley,0.7965491319
1116,Charles,Leonard,0.2583943161
1128,Virginia,Miller,0.0117249209
9410,Ollie,Smith,0.3210742911
6086,Lee,Cummins,0.6151600103
9003,Mike,Harrison,0.046786298
5963,Brooke,Washington,0.3919829088
8878,Paul,Payne,0.7433239482
8266,Sandra,Kim,0.7290313803
3007,Jessie,Buchanan,0.4082116717
625,Bailey,Alonzo,0.8912440485
4662,Gary,Cromer,0.3429994269
3224,Christopher,Clark,0.4945481343
2715,Daniel,Lane,0.4420768921
8648,Willie,Fraser,0.3929033845
4026,Tara,Benton,0.3247525094
8398,Keith,Cofield,0.5937934495
8349,Leon,Brown,0.7952274655
8169,Courtney,Langford,0.9424030222
5805,Keith,Crawford,0.4398818125
5117,Kurt,Cantero,0.7896787862
9991,Latoya,Cortez,0.470202774
5088,Patricia,Davis,0.4820883509
7525,Helen,Turnbow,0.5309551468
2097,Doris,Parker,0.9034611715
1718,Juan,Morrissette,0.9273944236
6216,Clifford,Diaz,0.1152385348
6977,Erica,Moore,0.9168886689
9702,Robert,Brown,0.1553110471
8998,Emma,Simmons,0.4398822084
9813,Andrea,Thomas,0.888159147
6623,Timothy,Mcguire,0.8916400066
7124,Audrey,Alejos,0.663444279
5593,Diane,Torres,0.5426751603
2332,Earl,Bell,0.0942902791
1726,Melissa,Quinn,0.9632710973
2634,William,Baker,0.1812264409
4200,Marian,Williams,0.850698658
2468,Clifford,Thomas,0.9842499224
6231,Jennifer,Mccauley,0.2456746681
1541,Mechelle,Mccorkle,0.2371549583
8114,Terry,Bertrand,0.7291681666
2611,Terri,English,0.7525210776
511,Mary,Keely,0.612957638
5205,Vannesa,Hubbard,0.80837537
7925,John,Crouch,0.1582917289
565,Melva,Stjohn,0.7379995168
231,Thomas,Brooks,0.0095821393
5258,Stan,Brown,0.0273050026
5897,Katrina,Zimmerman,0.2492697467
6041,Antoinette,Mendoza,0.1117744721
4334,Edward,Godfrey,0.84777468
8015,Anthony,Newson,0.8360910574
4463,Eleanor,Moody,0.4710379981
403,Michelle,Walsh,0.503124448
2686,Mei,Andrews,0.3268130524
1976,Aurelia,Smith,0.8609520933
2683,Virginia,Robles,0.6061552239
5705,Nathan,Rosa,0.5684943849
4100,Felecia,Retzlaff,0.866962601
5904,Julie,Romine,0.9037100798
4359,Melvin,Cullinan,0.3488359468
5227,Mandy,Mann,0.5482615093
42,Ralph,Ramirez,0.8489753059
2444,Thomas,Neighbors,0.3310151813
3053,Christina,Cline,0.2259677849
4685,Sharon,Cody,0.0918388262
5391,James,Milton,0.0207865543
2770,Thomas,Linker,0.2553950225
2802,Kami,Joseph,0.1487196314
3478,David,Allen,0.2295659436
8928,Michael,Hill,0.8881105629
692,Francis,Cook,0.9918238213
7939,Edwin,Wilson,0.9958325468
5886,John,Arline,0.3381138865
7813,Robert,Okeefe,0.1331742632
7867,James,Doney,0.6945100285
8585,Kelly,Smit,0.2250584399
2306,Paula,Corey,0.3675255501
629,Eric,Baxter,0.1398468285
7281,Sandra,Gregor,0.1619247901
516,Thomas,Pearson,0.9443157844
6283,Mary,Cuomo,0.7791733528
3218,Geneva,Cato,0.7056955192
3966,John,Maher,0.5228405122
2878,Joan,Johnson,0.5670055558
956,Patrick,Peak,0.9596674005
6096,David,Wehr,0.3863667378
1444,Colleen,Lovett,0.6518238648
6800,Julio,Chen,0.8039832024
2031,Sherrie,Stanton,0.7712244622
9846,Beth,Wilder,0.7122108291
9869,Arturo,Ferber,0.3457264446
2269,Donald,Goldsmith,0.6160811188
3581,Loretta,Handley,0.7549964273
7095,Scott,Parisi,0.654093391
5486,Michael,Muhammad,0.2302926877
3637,Margaret,Jimenez,0.9261395861
2303,Pauline,Moyer,0.4134158844
9001,Hope,Otoole,0.3785931324
5834,Christal,Hoxie,0.6160346065
2496,Mike,Rodney,0.7221052425
8307,James,Cheng,0.7951677132
6051,Marian,Butler,0.1265735307
7894,Harry,Floyd,0.1178692072
6186,Bernard,Flores,0.5657588311
7641,Beverly,Bascom,0.2623666918
6711,John,Rosales,0.642879219
