3529,Matthew,Ketner,0.6715674389
8973,Cheryl,Delgado,0.419643183
7403,Margarito,Butler,0.3306321357
5802,Tracy,Dwyer,0.6757894377
4214,Dorothy,Malpass,0.0296505271
2780,Mary,Rutt,0.864114187
2531,Terrance,Connell,0.1280448963
9438,John,Heiman,0.7965742236
4707,Robert,Maloney,0.1556514974
4528,Michael,Beard,0.2061178926
607,Norman,Oakes,0.1855226969
5189,Bethany,Harrison,0.5647738513
5422,Jason,Starner,0.3271812845
4267,Paula,Nelson,0.8331300004
4582,Kathleen,Brito,0.7194893213
5961,Timothy,Hunt,0.0635537179
673,Gary,Garcia,0.6370899733
4738,Kimberly,Wiseman,0.1111099788
4912,Shannan,Bakken,0.4812402772
8433,Joyce,Mccormack,0.2834663689
7330,Carmen,Amerson,0.5973185073
1810,Helen,Parks,0.2303288451
2485,Robert,Whitley,0.8050265287
9018,Antoinette,Reyes,0.7336409225
4385,Michael,Wright,0.766910878
3570,Jason,Campbell,0.1607300253
9633,James,Simpson,0.2732685546
5974,Gail,Mitchell,0.4000963769
6707,Patricia,Demarco,0.6948215587
5273,Anna,Browning,0.0164374579
5737,Vicki,Day,0.4341243315
3217,Dorothy,Himes,0.2974188882
5885,Jo,Deleon,0.9895096305
711,Jennifer,Cunningham,0.0043404694
707,Eric,Phillips,0.5737795481
1788,Fernando,Jones,0.1992925513
1479,Eric,Phillips,0.9087471131
2285,Nancy,Howland,0.1667948531
1369,Ervin,Campbell,0.4438392553
446,Kevin,Cassidy,0.7021662327
8986,Joel,Jefferson,0.2091689368
886,Jewell,Archuleta,0.7609722984
9768,Nicholas,Townsend,0.4142628531
3051,Larry,James,0.1355450121
4018,Kelly,Fulton,0.710701701
3988,David,Loy,0.5741745068
9614,Ronald,Garcia,0.1100794734
9203,Estelle,Baur,0.5679682391
3043,Gale,Krom,0.1971520511
7748,Fredrick,Galloway,0.9801327437
8992,Debbie,Wright,0.5675267531
7926,Leigh,Davis,0.6151171587
5822,Michael,Mcquaid,0.104191079
3344,Raymond,Garrick,0.473834204
183,Latisha,Cohen,0.0968621753
2234,Lindsey,Sullivan,0.3423379413
3326,Nelson,Leavitt,0.4553106551
2521,Eddy,Griffin,0.0895536505
5178,Stefan,Alexander,0.9756166681
8252,Sandra,Kucera,0.9029060418
1822,Judy,Love,0.2500394953
3320,Billie,Smith,0.161532474
1576,Vivian,Severson,0.0863902902
5462,Mandie,Dillon,0.027553977
3546,Grant,Haines,0.6196831267
7911,Conrad,Smith,0.4692610572
6221,Kevin,Allen,0.3236540861
5682,Beau,Clark,0.9460150679
7765,Albert,Torres,0.7071066217
5220,Shauna,Ray,0.0369414815
5565,Heather,Merritt,0.878031611
1939,Kenneth,Marquez,0.6824974059
3449,Marjorie,Wilkins,0.2765439327
8536,Russell,Bennett,0.5337685151
8186,John,Mccarthy,0.2867442479
8445,Vina,Meyers,0.376603279
1911,Edith,Buzzell,0.7690916108
9749,Ronald,Gill,0.1440195965
21,Dale,Castellanos,0.1176703668
6649,Doyle,Young,0.7623124262
2389,Jeff,Flanders,0.0388116336
3163,Michael,Neff,0.3474684106
4415,Lester,Thomas,0.6693586546
7319,Margaret,Willems,0.5818638124
3138,Victor,Cole,0.8136787419
5772,Joyce,Tarver,0.8177725417
3508,James,Washington,0.3022060916
7439,Courtney,Wheeler,0.3052549902
7981,Andy,Slaton,0.7089821354
5058,Jerry,Gonzales,0.0749068591
6905,Janet,Mojica,0.5155668622
269,Robert,Morrison,0.5513368873
1230,Brenda,Burbach,0.4265923104
2283,Joshua,Page,0.8607820568
620,Michael,Leonard,0.1916644487
7947,Amos,Garcia,0.5564611943
5508,Kathryn,Walker,0.0490555391
9272,Kathryn,Gonzales,0.9769528005
506,Ronald,Austin,0.665926568
977,Christian,Nugent,0.7692009911
8624,Lynn,Robles,0.5328719108
8590,Erin,Cash,0.5750476271
6036,Shawn,Kimball,0.5490302094
2851,Joseph,Claybrooks,0.7224071382
3655,Freida,Burton,0.3302021034
9343,Rebecca,Thompson,0.2484295224
2025,Gary,Thompson,0.4201648659
2566,Francis,Rice,0.4874270633
7900,Cynthia,Link,0.3041822209
2386,Richard,Alvarado,0.7444059881
1298,Ida,Moore,0.6553395165
6410,James,Dewitt,0.3961524931
398,Jeffrey,Case,0.6217884854
2359,Richard,Phelps,0.8751036082
421,Gina,Briggs,0.9507246458
7742,Perla,Keller,0.3050035031
6870,Russell,Fish,0.8996561936
9355,Aaron,Norris,0.3626054411
6165,Louise,Garcia,0.4070643885
8253,Patrick,Herb,0.7356759335
7891,Mary,Casey,0.6630923485
386,Ken,Motta,0.3405843494
4284,Mignon,Howland,0.6509760392
186,Jody,Banks,0.4026306665
8718,Deidre,Hoggard,0.1773266494
5105,Angela,Burke,0.6807122841
3797,Jerome,Norton,0.2982571684
6095,Richard,Johnson,0.7538819718
7998,Donna,Vasquez,0.5683909347
4230,Brett,Satterwhite,0.6863846837
5293,Renee,Jones,0.8337872284
5665,Carl,Otoole,0.4389558854
2833,Jeanette,Johnson,0.3190558385
9411,Janene,Dunlap,0.1186079669
1625,Andrew,Lowery,0.023399706
3884,Leon,Miller,0.6346227569
8240,Douglas,Bailey,0.299039335
6669,Wendy,Mcnamara,0.706929611
3837,Brant,Gauthier,0.4409428001
7852,William,Hall,0.2784804208
9006,Palmer,Gerow,0.8067310962
9180,Patricia,Levy,0.4994915749
3521,Chuck,Murphy,0.4023456618
2827,Nicolas,Rivera,0.1964511697
2162,John,Shepard,0.4066294704
3536,Wendy,Valdez,0.78147811
8152,Ronald,Burrell,0.726295328
9379,Maria,Ross,0.0179348758
2965,David,Schubert,0.5325118464
8680,Virginia,Scott,0.6168724711
1448,George,Esparza,0.7838934474
4311,Troy,Hodges,0.0585153038
344,William,Curtiss,0.4354943393
6520,James,Kettle,0.9237628083
8226,David,Jiles,0.3808713187
2574,Syble,Campbell,0.2690530964
9220,Rosario,Price,0.6312216255
3516,Jerry,Labrador,0.5996561116
4512,Elmo,Brooks,0.7410040156
8960,Troy,Hughes,0.8094223195
7146,Leland,Murphy,0.9945490472
5152,Oscar,Cross,0.9133363795
9527,Stephanie,Martinez,0.1725287717
2146,Jessica,Trammel,0.9810580027
1550,Christopher,Steiner,0.6477028623
7848,Catherine,Newton,0.0219120171
864,Carina,Nichols,0.365448961
2700,Stanley,Chaney,0.8400573619
6003,Steve,Nelson,0.5685021081
2297,Jeannette,Brown,0.9947047706
6301,Louis,Yagi,0.4597281709
8043,Nick,Lumpkin,0.0322534135
3071,Jimmy,Herndon,0.5453508764
6304,Gary,Behler,0.4392276304
426,Cortney,Leggett,0.2138318089
770,Dianna,Camacho,0.7214715101
4367,Melvin,Batts,0.0413340097
5520,Lisa,Largo,0.1408233393
1802,Lynda,Binion,0.3932355612
8218,Pamela,Earnshaw,0.8779633932
5734,Laura,Hernandez,0.2716337158
8154,Charlotte,Bryan,0.5852823656
311,Barbara,Puckett,0.828878701
395,Jose,Miller,0.1483145657
2020,Shirley,Lew,0.1147328217
1533,Mary,Wheat,0.9002749561
5398,Linwood,Small,0.4282977618
1861,Rhonda,Davis,0.3081683591
3494,Walter,Baker,0.6059216068
7353,Shelley,Johnson,0.5241512626
9854,Charles,Mccluskey,0.5600870175
9524,Christopher,Dever,0.8864482536
3221,Lawrence,Rodriguez,0.4886747804
3803,Richard,Kaye,0.613847232
6104,Christina,Barber,0.3630395578
3796,Glenda,Barber,0.1149792681
3959,Daniel,Carrigan,0.65908289
4153,Gregory,Pepper,0.4759512756
2343,Gladys,Hobbs,0.8785784494
6816,Vincent,Jones,0.6071391215
3314,Sonny,Whittington,0.755514706
1864,Marian,Mayfield,0.2188179076
6212,Sharon,Sims,0.2995651653
5382,Scott,Ramirez,0.7370528802
8425,Jamie,Sanchez,0.1170159937
9500,Jeffrey,Rosado,0.3330183846
9132,John,Throckmorton,0.5619550457
1474,Tracey,Haas,0.5953508129
2352,Dianne,Romero,0.9488430822
7819,Karen,Jones,0.145367733
918,Troy,Renfrow,0.0289958676
1628,James,Crump,0.6125946918
5218,George,Lares,0.7428278134
8057,Demarcus,Sanchez,0.3679228628
6288,Stella,Stanford,0.444251088
4247,John,Elswick,0.7465259407
4239,Kyle,Alvarez,0.1456040328
7566,Edwin,Carroll,0.2621803477
7152,Thomas,Cox,0.5909035949
4382,Nicole,Harris,0.9060480869
3155,Jacqueline,Randall,0.4980557663
5432,Tonya,Lunsford,0.9855079404
7333,Cory,Thompson,0.3778886332
5394,Jeanette,Johnson,0.7914277962
964,Joshua,Johnson,0.9558600096
6814,Shani,Tiedeman,0.914200783
1480,Karen,King,0.2325856243
2792,Colton,Petry,0.0142752756
3197,Jose,Pike,0.4751786003
4313,Bernadette,Hamilton,0.9423081791
9565,Adrienne,Baker,0.3228111442
2921,Sherita,Cox,0.3077195662
8508,Shawn,Tunney,0.4966763828
4482,Ira,Messina,0.0593865204
7619,Raymond,Tucker,0.3692154151
7896,James,Moore,0.4330415372
9304,Jamie,Roach,0.8017068894
1254,Flora,Saltzman,0.4361877111
1227,Dori,Pruitt,0.3489141378
5619,Thomas,Butler,0.6094947814
8290,Natalia,Moore,0.4165287355
8120,Todd,Sanders,0.8931245802
5080,Nicolas,Field,0.3618612811
7572,Oscar,Christensen,0.347814355
6121,Hipolito,Ellzey,0.5644971502
7671,Willie,Gabriel,0.2471937963
324,Vernon,Farrier,0.5027194615
7434,Aaron,Bibbs,0.7376552527
5912,David,Button,0.4222011217
4456,Arthur,Phillips,0.4581408366
7160,Mayra,Roussel,0.3983516959
3212,Stuart,Carrion,0.3440825946
4137,Jay,Armstrong,0.9417171748
4255,Yulanda,Hamilton,0.0348396034
7831,Mary,Bean,0.3762519106
674,Yolanda,Crowder,0.6000925042
2108,Greg,Roth,0.6278474764
9868,Kerry,Stone,0.3703721222
9978,Marian,Jones,0.2630462358
3435,Jeff,Knox,0.4160140611
8035,Charles,Anaya,0.6724429955
2288,Rosaura,Lamar,0.3150301019
9561,Phillip,Laxton,0.6361992834
1519,Lillie,Taylor,0.769244601
5793,James,Todd,0.7990371881
8210,Patsy,Wozniak,0.9431139436
605,Lynn,Waddell,0.6868738704
6381,Bessie,Sawyers,0.4029706649
2999,Donna,Thomas,0.7815877046
2880,Barbara,Choate,0.6842349775
8785,Gregory,Newsom,0.5733781662
872,Tamela,Martinez,0.4912830223
7574,Benjamin,Samaniego,0.0500529602
4325,Richard,Smith,0.2690927731
9724,Nancy,Jenkins,0.9896602938
3784,Dale,Friedman,0.0147174743
7054,Michael,Crandell,0.9973450196
8621,Crystal,Holder,0.4576484221
4767,Joan,Deshazo,0.5971004469
2163,Kim,Duke,0.7939265335
259,Robert,Mitchell,0.8012999296
5311,Ryan,Logan,0.599596068
1463,Yvette,Stuckey,0.8811816084
1707,Ernie,Jones,0.8135623487
4502,Judy,Anderson,0.3760049078
7250,Kimberly,Joyce,0.3269647062
217,Andrew,Noble,0.7257566222
5655,Arlie,Leatherman,0.1763317792
2123,Geraldine,Fox,0.5953747048
6989,Kathryn,Ayala,0.1653431139
2625,Ann,Levi,0.3905455205
6411,Miriam,Keel,0.3131972353
6249,Peter,Jackson,0.6705345828
6656,Shirley,Larkins,0.0745303244
9498,Casey,Parker,0.9877833959
8646,Peggy,Mcgrath,0.2369235491
6673,James,Clausen,0.3809189703
7838,Esther,Hines,0.7084886152
8832,Clark,Gill,0.3257346172
250,Johnny,Singer,0.2994577233
2966,Joseph,Coy,0.7661800371
1741,Walter,Hanson,0.5629850421
9240,Tracey,Wall,0.4623088744
365,Lupe,Roan,0.6156370803
218,Nelson,Sharp,0.0317979304
8431,Micheal,Teague,0.7196153998
8500,Mary,Waterman,0.641908525
1017,Matthew,Heinz,0.4839106568
8138,Sherry,Shaw,0.3608182331
1389,Jeanette,Stack,0.8016816305
8532,Andrew,Brown,0.1394895096
6589,Charles,Jean,0.9624940052
7690,Deanna,Chappell,0.7226150942
76,Deborah,Wooley,0.2593607258
9663,Ray,Cline,0.9454344697
9322,Carmela,Rapp,0.730074215
6697,Robert,Figueroa,0.5954718171
1075,Janice,Rocha,0.5832768742
4383,Fanny,Jones,0.2767821515
1103,Charles,Lapine,0.5063308787
2523,Joseph,Budde,0.1890023008
164,Sandra,Cady,0.7992260405
9070,Tracey,Mandell,0.2591719155
1278,Jose,Lee,0.8728148981
761,Jason,Thomas,0.4242012659
1665,Janet,Baker,0.1232377992
792,Frank,Bauer,0.8833208648
4856,Ramon,Shuman,0.0663751131
9044,Kenneth,Flaherty,0.4071648393
9483,Tracey,Lomas,0.8233986234
5230,Betty,Braaten,0.36468066
9436,Tina,Burton,0.6934313374
9112,Mathilda,Gonzales,0.3479665499
1769,Charles,Dasilva,0.8058437875
5749,Charles,Lamb,0.3830758801
9117,Catherine,Jackson,0.9865078633
147,David,Isham,0.0553911244
8260,Shirley,Costigan,0.6920416355
7608,Ida,Bartos,0.6963030992
6593,Timothy,Estrada,0.3908101891
3234,Cindy,Garcia,0.0583592835
7760,Latisha,Ballard,0.9589899089
321,Edna,Donahue,0.568497892
2041,John,Clark,0.7060518279
2937,Lucretia,Lee,0.2010226436
8569,Annette,Gilbert,0.0955814165
114,Steven,Banks,0.5284954205
2456,Eric,Harn,0.1870534273
6407,Samantha,Gant,0.8200541749
7045,Ruth,Torres,0.1043536826
845,Ann,Bischof,0.9453919209
2828,John,Scott,0.7960373634
3591,Anthony,Mcgrath,0.1373028567
9487,Darlene,Battle,0.3419339864
3898,Louis,Vann,0.9687570676
3720,Paul,Stewart,0.5073118522
9505,Candice,Flowers,0.3050839219
895,Reynaldo,Owens,0.7168586121
5889,Courtney,Wilson,0.7121586667
6291,Stephanie,Bisson,0.7809965333
108,Tamara,Bowman,0.2142336583
9274,Randy,Griffin,0.5793385715
6383,Jesus,Tejada,0.9090029029
4198,Carole,Dodrill,0.1380398499
3895,Irene,Jones,0.2591124901
2028,Eileen,Patterson,0.3379897261
3703,Eileen,Garner,0.544669304
9864,Anne,Hang,0.5571689864
6812,Donna,Jones,0.708268675
7901,Ellis,Ray,0.4007684377
2768,Karen,Fullmer,0.1999745853
8073,Don,Clark,0.6841879792
1437,Richard,Ramirez,0.9594781622
245,Lois,Johnson,0.2396562968
961,Sandra,Glenn,0.9767626633
2402,Laura,Howard,0.4490585953
9954,Marsha,Stoehr,0.228223637
6002,Dustin,Haire,0.8021781524
3992,Gustavo,Fuller,0.9584201502
9593,Alberta,Simmons,0.7637258002
9312,Thomas,Nash,0.4239297453
6819,Robert,Dekker,0.1246207068
2353,Hope,Palm,0.5210728203
1768,Annie,Wills,0.1746133608
376,Angela,Prado,0.8827915585
9182,Antonio,Rolon,0.5738667205
5964,Heather,Mccrimmon,0.8042881852
7902,Linda,Davis,0.085158396
8291,Joel,Rodriguez,0.1613434509
5232,Adam,Mcgee,0.8384652101
968,Judith,Clune,0.5018103363
9824,James,Hamilton,0.811194144
6512,Judith,Song,0.3423558355
8526,Lee,Akers,0.1321156677
5666,Bill,Cripe,0.7467884826
4758,Brenda,Stansbury,0.7392956659
1274,James,Jones,0.1918665597
7590,Shari,Grubbs,0.77605375
8343,Tamesha,Hutchins,0.5159740499
8586,Steven,Zawacki,0.4001228465
6789,Virginia,Jones,0.4568272368
5690,Matthew,Dunn,0.1427678615
6584,Jonathan,Guerrero,0.0133950408
9522,Justin,Mallon,0.9889916473
8955,Jennifer,Willcox,0.7007302095
1553,Jennifer,Shultz,0.0920608991
7223,Thomas,Gahagan,0.2218814169
9124,Elisa,Clements,0.1529723073
9152,Damon,Monday,0.7866444532
1001,Lynda,Kunz,0.0818147587
7445,Amber,Rowley,0.9085648744
3849,Donald,Bumpus,0.1844667071
7082,Claudia,Stebbins,0.6688776899
7270,Christine,Erickson,0.6698550303
2255,Viola,Mastropietro,0.7508362753
9642,Frederick,Marshall,0.0997055371
2545,Irene,Berkman,0.7128373366
2070,Kelly,Cornwell,0.3885066749
9291,Pamela,Rice,0.3366259329
1506,Elizabeth,Mason,0.8434865298
3648,Cecil,Cheatham,0.766493598
5079,Sherley,Lee,0.8335396859
2196,Kimberly,Vanhorn,0.3391723228
9687,Rosemary,Soucy,0.8909660582
6238,Kenneth,Wilson,0.5288792821
6451,Margaret,Cundiff,0.9644652782
4863,Fred,Abate,0.1162248969
7629,Veronica,Chambers,0.3871594756
8512,Thomas,Fontenot,0.3896875319
4954,Thomas,Beasley,0.0374385617
9631,Bernice,Crouse,0.2719967687
8747,Jesse,Meyer,0.1123420438
339,James,Marr,0.9523712036
1193,Elizabeth,Gilbert,0.6704590505
6705,Ryan,White,0.4546002925
5026,Carolyn,Jensen,0.9361201974
5958,Jason,Aldaco,0.930996069
7167,John,Allen,0.9431286522
4817,Anne,Younker,0.5397948276
3339,Carol,Morgan,0.4905690046
851,Matthew,Weyant,0.3375673639
2357,Karen,Richardson,0.5388146469
4722,Raymond,Summerfield,0.5830842019
8434,Connie,Johnson,0.0037533864
8459,Lindsay,Vargas,0.956005611
4278,Eddie,Lawson,0.6347231385
227,Inez,Carruth,0.4967341938
9684,Louis,Raab,0.4315944905
4237,Marian,Caro,0.5778125965
641,Scot,Williams,0.1362607647
2891,Florence,Roy,0.2381111097
7606,Tiffani,Bradford,0.5446117455
6307,Sade,Stanley,0.2445172719
790,John,Ferrari,0.8197935149
4324,Frank,Grimes,0.4793331823
9675,Michael,Hines,0.2845635545
7248,Cyndi,Webb,0.5733499289
363,Laquita,Pool,0.3567940847
3664,Charles,Shelby,0.9399038029
6360,Virginia,Lewis,0.4800438583
3165,Jesse,Wiggins,0.4897581306
9996,Linda,Davis,0.8800790231
9359,Sherri,Rausch,0.7950775793
8049,Michael,Farley,0.1168553759
4089,Larry,Rowland,0.0853452298
1575,James,Flanders,0.8880042634
1311,Sarah,Kidd,0.3533529704
1104,Floyd,Rasmussen,0.0253176703
7127,Tonya,Aranda,0.824753464
4202,John,Hermann,0.9685116743
6338,Bari,Cole,0.4614503183
3396,Christopher,Gibson,0.1129049493
6194,Myra,Antonio,0.6576983987
7807,Eugene,Bush,0.400362232
493,Scarlett,Johson,0.2951465715
8971,Lonnie,Pace,0.1461790246
5118,Ismael,Smith,0.7742409739
4625,Willie,Lazo,0.1949458397
1066,Andre,Moore,0.8493340446
8629,Patrick,Gagnon,0.3838657339
9962,Sheldon,Cantrell,0.9277199665
7602,James,Shearer,0.1692398419
4889,Joyce,Dillon,0.7890065191
3329,Karen,Johnson,0.7485924475
8463,Paul,Thompson,0.2839839312
1840,Maria,Mcgrath,0.7854914935
3307,William,Manning,0.1785733046
5917,Robert,Hamill,0.0412779481
4260,Harry,Christensen,0.6137842813
2813,Elizabeth,Morgan,0.2851816099
5996,Maurice,Kimes,0.0796552391
6541,William,Barajas,0.8153058621
8766,Louis,Berndt,0.5329397318
7147,John,Mullen,0.4110199448
6280,Edwin,Phaneuf,0.225337252
9693,Francisco,Rashid,0.1931550023
1803,Salvador,Donley,0.5102835011
1997,Emily,Mickel,0.837401472
9120,Carl,Duvall,0.3765150364
4818,Bridget,Bowlin,0.1225964897
2603,Sarah,Mark,0.4473019899
1071,Ronald,Sustaita,0.5018274977
8580,Kathleen,Hobbs,0.2202412968
2040,Tammy,Post,0.1242504164
4852,Vicki,Villarreal,0.2813648437
3612,Edwin,Holden,0.6375591788
4441,Danielle,Garza,0.1768659342
2585,Felicia,Miller,0.5729022946
7637,Orlando,Wallace,0.3143913015
5499,Dustin,Flanagan,0.7665938961
2141,Joshua,Morton,0.6730042305
7573,Catherine,Andrews,0.0554068128
5997,Melanie,Tracy,0.0635902239
2193,Willie,Gilbert,0.3254765819
2188,Robert,Esparza,0.1308625138
1820,Yvonne,Langley,0.6802686311
7192,Vaughn,Mcferren,0.5290448519
911,Mary,Burnett,0.0914719137
6610,Mary,Murphy,0.3616423504
5868,Bobbie,Bergstrom,0.4101868819
7193,Colleen,Kennelly,0.930344224
4706,Karen,Knott,0.3515505979
9792,Timothy,Killebrew,0.6147842144
3270,Ed,Mclin,0.6714964167
6437,Mary,Johnson,0.9189233002
3854,Cheryl,Munden,0.7916702931
2631,Brandy,Floyd,0.7816769648
4629,Iris,Wilson,0.6010647696
6670,Ross,Monteleone,0.7890677925
4122,Rolando,Wilcox,0.6814609002
3938,Dale,Sierra,0.663638324
5672,James,Barnes,0.5153432318
1920,Samuel,Moreno,0.5820104016
1537,Nancy,Valente,0.4919250133
2119,Shawn,Espana,0.7565878057
1745,Elaine,Owen,0.1897139158
465,Miriam,Johnson,0.1384906434
9866,Donald,Ludwig,0.5739694487
6226,Bettie,Heins,0.5277211478
5614,Richard,Oconnor,0.9869089385
3462,Chadwick,Foster,0.1230745891
5760,Barbara,Thomas,0.0202655199
5107,Lowell,Sharp,0.0001696178
7886,William,Rice,0.6290688263
3122,Kevin,Comeaux,0.7997644737
636,Clayton,Peterson,0.6577234752
3986,Sasha,Hollis,0.9286355495
1046,Marilyn,Mooney,0.0865585937
5597,Jennifer,Dillon,0.9039254449
2695,Mandy,Holland,0.3467196764
7035,Michelle,Wilson,0.8159682339
2526,Betty,Carolina,0.4127073486
6490,Emilia,Goodman,0.8755583556
20,Christina,Pompa,0.7363092073
7526,John,Hernandez,0.5321057597
1089,Robin,Lovely,0.6427729104
5149,Terry,Keenan,0.7243700693
8606,Chrissy,Vargas,0.5935796106
2609,Elsie,Bruck,0.520195751
1600,Stephen,Thurmond,0.8827236919
7517,Walter,Hardy,0.3901359267
490,Maple,Patterson,0.8344338443
4757,Samantha,Mcclung,0.4094187978
6917,Alison,Blackwell,0.7053724274
7997,Jerri,Mcknight,0.2310964768
4572,Lynn,Bartley,0.9983822505
787,Robert,Rose,0.4945241397
5505,Scott,Sims,0.6625250424
6764,Helen,Norman,0.6733921703
8089,Roger,Harrington,0.0836921935
754,Albert,Council,0.87116091
6422,Charles,Mccollum,0.4113982175
3390,Maureen,Wilson,0.2496504253
617,Teresita,Sullivan,0.7447579096
797,Andrea,Barnett,0.220633354
1545,Neal,Kemp,0.1420258346
9053,Nieves,Beacham,0.5061441613
2093,Johnny,Parker,0.1151362082
3072,Mike,Hobbs,0.6821604634
7524,Claudio,Pitt,0.0878878662
6829,Jerry,Avila,0.1187497494
8413,Christina,Hudson,0.9695896672
4347,Amanda,Newquist,0.5276577077
5660,Bernice,Knott,0.8499826745
9296,Mary,Morgan,0.8915441099
2823,Anna,Thomas,0.5708803209
6643,Kelly,Vaughn,0.813706181
7366,Stacey,Collier,0.5272630523
6342,Hilda,Frey,0.9365840093
3506,Kenneth,Hopkins,0.7817114398
7808,Elizabeth,Braxton,0.2609584306
3749,Thomas,Humphreys,0.7133095462
3753,Elmer,Jones,0.1184199241
1314,James,Grego,0.8131490236
793,Tony,Mccall,0.6401649839
2151,Lisa,Redden,0.750468248
6568,Vera,Chisolm,0.8292400013
3921,Etta,Rousseau,0.8521484083
626,James,Padilla,0.2451084659
4516,Larry,Avila,0.863956817
1211,Rose,Ybarra,0.5496738376
4049,Yvonne,Jones,0.8737832063
1895,Edna,Schoenfeld,0.1408574572
2049,Joyce,Mcneal,0.3990185361
9972,Dora,Buchanan,0.2900011325
849,Ramon,Robbins,0.1867604891
6027,Alena,Durham,0.3005779006
3086,Margaret,Post,0.1071289529
9939,Lisa,Angel,0.5866721901
5669,Carol,House,0.6730280786
2691,Deborah,Felix,0.4270727041
6225,Jay,Smiley,0.6444630853
7381,Bernadette,Taggart,0.6389508322
1106,Donald,Fegan,0.321644366
3892,Hector,Dominguez,0.9613841339
8257,Verna,Erbe,0.4089188406
8908,Brett,Foote,0.2309455622
9843,Michael,Wood,0.7549812749
5318,Katherine,Thompson,0.8664460611
8102,Robert,Webster,0.7311718278
8914,Catalina,Hagan,0.0588279334
2986,Susan,Dunaway,0.7066552574
7278,Timothy,Sanders,0.2481018722
7755,Ana,Walter,0.2024899451
8168,Glenn,Hernandez,0.738488721
418,Jamie,Long,0.2407444732
1684,Willie,Wallace,0.7482157708
4959,Joey,Worden,0.320509186
4660,Carol,Maclennan,0.8817640853
2321,Rosemarie,Desantis,0.8841228969
9005,Alex,Salaam,0.9561765559
5778,Melissa,Felder,0.985225817
6474,Albert,Lozano,0.517377662
2236,Judith,Brinkley,0.91451511
2169,Micheal,Winkel,0.5031193274
5023,Miles,Weaver,0.7294625575
7719,Don,Hamada,0.311189587
859,Betty,Skinner,0.1256588637
7402,Albert,Raley,0.0140280635
3480,William,Scott,0.4720562948
6369,Brad,Lawrence,0.607226091
8515,Mamie,Renn,0.3874753681
5121,George,Korando,0.2791757549
8371,Eva,Bull,0.9984866444
7488,Royce,Madrigal,0.9558330579
4987,Harold,Crawford,0.7213473553
1526,Amanda,Godfrey,0.4192593223
3056,William,Mack,0.1371282972
4411,Laurence,Butler,0.2269874227
5388,Judith,Morgan,0.6238612654
9818,Margaret,Robinson,0.328783999
4368,Donald,Gooden,0.9539953896
5631,Roger,Melton,0.2197433743
1960,Rudy,Molnar,0.5517185903
8861,Gregory,Mann,0.309625509
9330,Noreen,Mitchell,0.0612103331
8824,Ola,Monk,0.7701353966
7832,Sharon,Welch,0.3756771386
9770,Sarah,Warner,0.9474626074
7994,Allison,Anderson,0.1828418944
6996,Jacqueline,Knepp,0.4865571242
3088,Louis,Wolfson,0.4889737912
1744,Hilda,Lopez,0.8188451959
2774,Karen,Whittington,0.5648587979
3486,Daniel,Gibson,0.4454583889
7884,Elizabeth,Meyers,0.2132842916
2978,Belen,Womack,0.2444603147
9983,Robert,Reyes,0.7316348597
6151,Mary,Collum,0.4875814903
1966,Lori,Bergquist,0.8273335956
427,Graciela,Perry,0.4685914009
3186,Emil,Moore,0.5292246684
2062,Nicole,Spivey,0.4175137805
7632,Juan,Wade,0.3572643017
3125,Daniel,Eldridge,0.8321257229
230,Ila,Puglisi,0.380118107
1062,Michael,Chen,0.8414508789
3914,Michael,Li,0.1897384145
215,Millard,Wright,0.1931028278
4453,Margaret,Gable,0.2855553322
5814,Christina,Scott,0.7553425981
7003,Mark,Pham,0.4051335545
3481,Meagan,Humphrey,0.6699140624
992,Evelyn,Keller,0.1447051107
2438,Joshua,Griffith,0.2762210474
5313,Ruth,Chan,0.6804027255
7973,Kelly,Durgan,0.9628290248
151,Jennifer,Dye,0.233569002
2734,Jerry,Pulley,0.0273642405
6922,Esmeralda,Baptiste,0.5931347788
2173,Alec,Fuentes,0.8528648375
7348,Christopher,Bolden,0.3949000854
3818,David,Dansby,0.0100727722
4990,Jose,Gainer,0.4931726751
3496,Garry,Puckett,0.418294294
8279,Ping,Jenkins,0.5209516233
1356,Erma,Stephens,0.457493007
6022,Jason,Williams,0.7988362592
480,Martha,Theis,0.914015529
6393,Dan,Gillis,0.2781035372
8460,Lonnie,Johnson,0.110868603
8757,Sammy,Willard,0.1358574638
1951,Frank,Burris,0.4569137704
2223,Karen,Laster,0.742876299
130,Helen,Givens,0.0704047591
3092,Richard,Clark,0.1437488752
2809,Kevin,Smith,0.3087142084
6167,Jane,Brew,0.2904926399
6326,Eva,Taylor,0.7206317491
9725,Roger,Tapia,0.6589420915
9243,Carla,Calkins,0.50486673
90,Eric,Morris,0.7712313472
7191,Byron,Granger,0.2834534326
9777,Paul,Murray,0.9651029555
9297,Stephen,White,0.6876264981
1096,Brandon,Peters,0.1520444921
1888,Bonnie,Vuong,0.6315936244
2392,Frankie,Johnson,0.405050508
7844,Tonya,Molyneux,0.5186150107
4945,Barbara,Plyler,0.4037790659
3067,Carol,Adams,0.2984533247
8137,Manuel,Jimenez,0.0704770556
3087,Leslie,Williams,0.6263348444
5527,Ernest,Thiel,0.6719285666
3768,Sonia,Spitzer,0.5839516926
7578,Linda,Carlson,0.7939394813
8110,John,Ainsworth,0.7764532831
7623,Romeo,King,0.0323769564
6085,Lavonne,Sledge,0.6334170466
512,Karen,Plaster,0.8773893609
9441,Stephen,Parker,0.4489280474
8620,Florence,Crockett,0.0678940585
15,Jamie,Bennett,0.1020197312
4606,Richard,Casey,0.859349214
8092,Louis,Nelson,0.9282930559
1286,Lisa,Anderson,0.1495183986
7299,Andrew,Chaplin,0.8486922137
4577,Robert,Beale,0.1907890001
6502,Casey,Brookover,0.1338723064
5456,Carol,Murdock,0.5923588558
5196,Paula,Leader,0.2594062279
9368,Catherine,Snyder,0.359576483
6368,Lynne,Patterson,0.6067492703
3262,Andrea,Matthews,0.5641759911
603,Joshua,Rogers,0.9010922611
2543,Emma,Thompson,0.3284093398
3543,Jackie,Alexander,0.9755499351
5503,Kenya,Joslin,0.4049011653
4381,Pauline,Mendelson,0.5317941264
8722,Thomas,Blythe,0.3422617472
2030,Nathanael,Prosser,0.3638633389
3625,Danielle,Cooper,0.2908168694
7114,Elizabeth,Williams,0.5406988862
500,Michael,Hicks,0.644316264
1328,Margaret,Perry,0.1274323724
9699,David,Cunningham,0.6937643597
5116,Abel,Sparks,0.9352355918
8196,Jay,Bosley,0.5811948201
8296,James,Perkins,0.1995487544
9219,Jessica,Hopkins,0.9684039017
5003,Mary,Horn,0.4235056282
5781,Kayla,Mceachin,0.805093616
5673,Patricia,Crozier,0.6221410993
675,Kevin,Newman,0.6323104608
5942,Richard,Justice,0.2875629833
6492,Sue,Kelley,0.731951345
9080,Eva,Carothers,0.0759589544
6660,Henry,Mcdonald,0.060399978
6718,Kathryn,Jones,0.0929905607
2553,Monica,Kea,0.9026558998
4401,Benjamin,Kendrick,0.9445816623
959,Scot,Bruckner,0.0787367295
6986,Deborah,Clausen,0.8376370347
7670,Blanca,Parrish,0.758118785
1139,Kendra,Carlson,0.3579692817
7247,Wayne,Quick,0.8248202228
5137,Todd,Hicks,0.110384173
3755,Edna,Sumrall,0.696582519
2383,Stephanie,Stewart,0.9378459214
2405,Michael,Tomlinson,0.5475939848
2687,Billy,Reese,0.4656137489
3103,Terry,Williams,0.646046747
3691,Thomas,Steinbeck,0.0116253805
2048,Robert,Connelly,0.1794803415
1514,Alex,Mann,0.0946911729
8647,Deborah,Parker,0.1866848457
9141,Chester,Farrow,0.6968926648
9193,Joseph,Tom,0.5418754367
4174,James,Herb,0.8388186824
1902,Mitsue,Swafford,0.5870238591
3237,Lavonne,Williams,0.0448555723
4881,Carolyn,Fullerton,0.952264718
3942,Benjamin,Panos,0.9988976461
9060,Vivian,Green,0.9883441159
2787,Laura,Sprague,0.8440712471
9206,Christie,Mccasland,0.0764499202
39,Irene,Skillern,0.9077801192
8936,Greg,Collier,0.9544663858
7264,James,Fisher,0.9730808365
1099,John,Mathews,0.0373092501
9582,Amanda,Higginbotham,0.1151861637
6878,Amy,Parish,0.6723489193
4748,Mary,Tapia,0.3367681613
2864,Fred,Kimbrell,0.1731772383
2263,Cecil,Golden,0.2027352902
5488,Jimmy,Madrid,0.676335193
4045,Ivan,Marrow,0.9124294803
5276,Marshall,Stark,0.7093209042
6889,Deborah,Angelo,0.3366581046
6178,Sharon,Chandler,0.9745692296
2313,Bonnie,Kerns,0.9914015504
2560,Sandra,France,0.9776527865
6122,Brent,Magallanes,0.138766624
7338,Manuel,Milligan,0.5078632694
2342,Herlinda,Sinkler,0.3286116167
5384,Daniel,Waldron,0.6492045692
5367,Linwood,Gorsuch,0.8432726252
6275,Patrick,Eubanks,0.6903686814
7456,Ada,Johnson,0.9354918622
3888,Jerry,Giles,0.5435358244
7959,Angelica,Glenn,0.0281068753
9184,Brenda,Patti,0.2293283497
5439,Aida,Kimball,0.9182263664
5102,Jason,Robinson,0.820006575
4369,Doris,Fisher,0.2955472108
8304,Kristina,Vasquez,0.247657998
3182,Ryan,Mcrae,0.6452039215
2969,Jeffrey,Rodrigue,0.0293521888
6240,Christopher,Fowler,0.923480907
4815,Cesar,Martin,0.2824852946
9919,Jerry,Hubbard,0.9517049103
6625,Daisy,Parenteau,0.7038992702
6872,Frank,Gordon,0.2250331228
1294,Maria,King,0.4484611454
9971,Allyson,Orellana,0.2729107048
5691,Tamala,Deleon,0.977778927
618,David,Royal,0.8134695149
3070,Mee,Magness,0.9669248431
4729,Kathy,Chavira,0.4755263557
1243,Jeremy,Fisher,0.9275498907
9595,Joseph,Lebron,0.0425190439
891,Christopher,Hills,0.8978090442
4326,Beverly,Fullmer,0.1055021472
5452,Dan,Swain,0.3624926822
4376,Norma,Richard,0.7414902174
8959,Karen,Gallegos,0.870186236
5562,Gene,Tyler,0.3604743462
7203,Emily,Davis,0.1796234522
4274,Georgia,Malave,0.6253374852
4979,Barbara,Stephens,0.1494366736
3230,Reginald,Jude,0.7395030486
9469,Amanda,Cleghorn,0.6533485886
3229,Brian,Terrill,0.7630531625
836,Ted,Simmons,0.1172301343
3947,Mary,Mcclanahan,0.0637884771
4927,Nicole,Cunningham,0.4557682495
5202,Floyd,Parker,0.7932336689
5695,Samuel,Mcdonald,0.6825682933
6289,Robert,Rodriquez,0.8149274928
9475,Donna,Mcdonough,0.9921679415
6595,Raul,Rodrigues,0.1810700663
5659,Stacey,Tarver,0.5726025216
2295,Herbert,Willis,0.7235692313
3199,Barbara,Martinez,0.7061282052
7297,Jeffrey,Carroll,0.8386229826
2959,Peggy,Elliott,0.7141368478
384,Tanya,Chandler,0.8503966255
9678,John,Schaeffer,0.323966485
7858,Nina,Ahern,0.6135450753
7601,Luanne,Hall,0.8704691797
3955,Patricia,Mejia,0.5340192325
7416,Patricia,Walsh,0.3844768193
4988,Joshua,Macfarlane,0.9435815322
8759,Lora,Morrison,0.1921843982
1761,Nicole,Short,0.3904570865
3401,Brian,Matthews,0.8149396172
3917,Karima,Yates,0.4459185179
4773,Mark,Pickett,0.970528034
1539,Teresa,Handy,0.7370352671
4633,Stephanie,Stockton,0.2817180217
7522,Christopher,Nelson,0.9111946071
2202,Ernie,Do,0.2142538307
5045,Estella,Steed,0.1138280013
6253,Almeta,Parker,0.3983590261
5135,Harold,Oneill,0.8605137777
4911,Denise,Wood,0.0785497874
5114,Beth,Amaro,0.6183869045
5237,Elvin,Schmidt,0.5894307075
2911,Daniel,Oles,0.2674965556
3334,Daniel,Arnette,0.5846502881
7162,Tuan,Griffin,0.9027732399
7304,Betty,Martin,0.8942708503
9836,James,Rountree,0.1765342741
1796,Renee,Cross,0.7075973938
2720,Thomas,Aragon,0.3548910466
1287,William,Travis,0.4569584732
6495,Agnes,Morgan,0.6410636795
1360,Myron,Mancia,0.5475032295
3153,Kevin,Bacon,0.0419934453
2039,Charles,Bergman,0.1816464649
6115,Dorothy,Ashcraft,0.8844781967
7255,Carla,Lemen,0.1096235511
495,Albert,Jackson,0.0944368432
4519,Gloria,Gagne,0.7162499889
6634,Patricia,Franklin,0.1938024419
8213,Deborah,Shaw,0.4819686387
6748,Denise,Gaskins,0.0903120833
4332,Carrie,Morton,0.2587207244
3453,Jose,Wright,0.9916740682
8063,Rhoda,Chason,0.1284839187
331,Mildred,Lewis,0.1601711002
7379,Gene,Lafond,0.7973082981
7136,Charlotte,Braun,0.4893417931
930,Lois,Adams,0.19405216
8903,Pamela,Culbert,0.3137565195
2677,Aurelio,Mathis,0.5196683547
5380,Gail,Lawlor,0.8114795128
7648,Melinda,Adams,0.6071963422
7806,Brendan,Minter,0.4128496612
7413,Barbara,Stevens,0.362726531
8921,Robert,Jones,0.5200221855
1921,Hannah,Simms,0.3891153769
6929,Jeremiah,Bennett,0.4609091824
8236,Ralph,Ferreira,0.413783741
3574,Vicki,Carreras,0.842832861
9773,Christina,Waters,0.3876789014
8430,David,Herbert,0.7241914924
9930,Deborah,Brown,0.6688367436
9278,Dirk,Gray,0.3757213913
6056,Brandon,Gold,0.610056031
6088,Iris,Mace,0.5096626615
839,Sherry,Gaston,0.3597803209
9795,Richard,Bailey,0.3660921538
8064,Ollie,Mcewan,0.693945183
9353,John,Tipler,0.651070378
6274,John,Jackson,0.8686765637
5489,Joanna,Mueller,0.4619312587
6776,Antonio,Sifford,0.9517991326
448,Megan,Fisher,0.2679950374
8334,Joseph,Steinberg,0.6173655502
6447,Renee,Johnson,0.7686959612
7599,Darlene,Baillie,0.00678681
7216,Becky,White,0.5683097888
8990,Willie,Rodgers,0.2523490675
3740,Jerry,Ruiz,0.6595862005
1374,Jesse,Harrison,0.4807256241
8589,Pamela,Mobley,0.4794499734
4778,Steven,Marshall,0.2106750009
4549,Juan,Choe,0.2383178261
3741,Shirley,White,0.7326356161
6627,Amy,Koonce,0.1317560982
1485,Helen,Solomon,0.7170119842
4256,William,Watson,0.6868829911
3104,Mary,King,0.633176818
2221,Beatrice,Michael,0.9480708437
2053,Bobby,Solum,0.1818972339
2763,Gary,Yarbrough,0.6677665515
6840,Joan,Miner,0.3511870182
1140,Marie,Kirschner,0.6276622661
6891,Nancy,Johnson,0.4682248854
991,Rufus,Jager,0.2172769061
8040,Lila,Terrell,0.9580452654
8525,Robert,Flores,0.8914722574
4330,Nancy,Yutzy,0.4781475156
3472,Charles,Welcome,0.8502845501
3982,Jaime,Barnes,0.6607586027
7851,Mary,Carter,0.6965529807
940,Eric,Woodruff,0.9372191129
4983,Brooke,Ellis,0.4908433235
1206,George,Coleman,0.3903129525
1031,Wendy,Singh,0.594247831
4357,Timothy,Stevens,0.0967928404
5667,Pedro,Payne,0.6250633949
4431,Patti,Lynch,0.3995328525
7267,Jennifer,Beck,0.8605525887
8116,Marisa,Wyant,0.117128782
2619,Thomas,Myers,0.1586230895
4446,Diane,King,0.8624258295
4950,Deanna,Mcdaniel,0.2408240985
8794,Carmen,Ensign,0.8643900247
9466,Sheena,Choi,0.1893743619
3179,Michele,Valadez,0.3378678206
7096,Jo,Ridgley,0.1451234433
7494,Herman,Cochran,0.8863861461
2102,Genevieve,Bennett,0.0929486984
7777,Madie,George,0.6751758093
2310,Randy,Briggs,0.3682068042
7550,Willie,Holliday,0.7741745785
4928,Shirley,Cooks,0.3509967506
7752,Elmer,Johnson,0.5868411737
1155,Lottie,Tucker,0.1183952636
9511,Katherine,Jones,0.7109591519
3448,John,Bishop,0.4738628927
4600,William,Bailey,0.538328791
8669,Douglas,Bryant,0.7247444487
9876,Gay,Walker,0.0782210117
3149,Rodney,Martin,0.4194559932
1015,Ross,Wiggins,0.1815224516
6090,Victoria,Saleem,0.9602561558
3265,Mathew,Veras,0.1918529139
7287,Mildred,Devine,0.3324998552
9009,Michael,Youngblood,0.1598102299
508,Ricardo,Hom,0.4496104079
2022,James,Burdette,0.8613449654
8782,Harriette,Williams,0.3016038102
4585,Lance,Richardson,0.4255406514
287,George,Skoog,0.6180150658
65,Willie,Usher,0.9668881295
9667,Dawn,Marburger,0.4840032051
3427,Robert,Hester,0.662318506
5094,Andy,Ortiz,0.6312054235
2390,Laura,Mynatt,0.4799533272
1910,James,Rogers,0.2117270008
3657,Kathy,Overturf,0.0787227526
173,Kenneth,Case,0.8371235321
2572,Kelly,Chevalier,0.4385934221
5341,Marc,Ortiz,0.180502638
1054,William,Kollar,0.0815170545
4091,Helen,Hubbell,0.8893814175
2807,Wesley,Perkins,0.3049788349
5849,Bruce,Haley,0.1843173846
1231,Kathy,Riley,0.591519325
2051,Rosalie,Bergevin,0.6965670642
1248,Walter,Barbour,0.0546589943
751,Clinton,Ruiz,0.5381799573
6454,Brian,Lopez,0.7918469366
3617,Charles,Wilson,0.1053319341
766,Christopher,Campbell,0.2341849753
5444,Sarah,Raymond,0.4787847004
6246,Dorris,Hayner,0.8809510565
2214,William,Hopkins,0.3483895888
444,Michal,Mcgee,0.9893026762
6768,Kristina,Ruiz,0.2394348183
9776,Peggy,Martindale,0.9732261354
1159,Lula,Villarreal,0.5843246758
282,Caroline,Quisenberry,0.2526012545
6405,Mary,Palmer,0.2683474962
1336,George,Reed,0.452131303
4412,George,Ogden,0.4709004518
9764,Katie,Carpenter,0.3216030258
609,Nora,Morin,0.9913021869
3949,Emily,Parra,0.8119133748
1748,Susan,Perino,0.4244663867
3,Jessica,Hardy,0.5887395137
8601,Stephen,Grenz,0.427501054
6479,Dan,Bradley,0.9269025468
3348,Joseph,Crouse,0.4939051683
566,Manuel,Johnson,0.0887669423
3428,Marcie,Mcraney,0.1772706539
3357,Ila,Westgate,0.9767640515
4923,Robert,Norris,0.8627968032
7970,Douglas,Dicks,0.2929204688
9700,Edward,Kaul,0.425420031
5615,Cheryl,Beach,0.5282508254
4265,Clara,Beard,0.6964697072
3783,Marvin,Robbins,0.9856423072
8306,Katie,Fallin,0.9646840536
9506,Joyce,Johnson,0.3503365628
9823,Sharon,Fuller,0.5872497179
8774,Sarah,Lloyd,0.2895600908
7071,Elizabeth,Oliver,0.1240774046
1742,Allen,Rosas,0.5400483792
1806,Carrie,Quinones,0.9529582292
1361,Erin,Colon,0.1500893889
7689,Marjorie,Butler,0.5076751434
1527,Mary,Surface,0.2887155775
652,Michael,Henderson,0.6980229935
4254,Silvia,Mcintosh,0.3620248572
9161,Charles,Kelly,0.0773188663
4046,Sharon,Schwartz,0.1344679019
3132,Stephen,Jaimes,0.9172701202
1363,Raymond,Turner,0.1360861454
520,Jessica,Moseley,0.6159716146
4190,Terry,Poole,0.5789565283
3838,Albert,Davis,0.2290192982
5687,Kenneth,Gonzalez,0.8742929064
615,Darlene,Houser,0.8709815142
9266,Michelle,Cannon,0.6400619277
9893,Susan,Smith,0.3727794236
3908,James,Robles,0.0603242328
5142,Joyce,Church,0.4715584186
4543,Jacqueline,Martone,0.7664615239
6959,Delores,Ali,0.0325699423
1117,Doris,Chang,0.3784364283
9537,Wendy,Jones,0.8538238676
2726,Michael,Sanchez,0.3778410587
2355,Helen,Summers,0.0278686543
6137,Luis,Perkins,0.0243373276
9391,Kevin,Jordan,0.4717364863
10,Jane,Brandon,0.8580165
8870,Maureen,Frias,0.4056515801
844,Renee,Padilla,0.9660022839
4868,Frank,Gutierrez,0.2224164079
1008,Jennifer,Fischer,0.6436044616
4749,Robert,Warren,0.6845169081
6220,Charlotte,Ortiz,0.9583878287
7201,Angela,Mendez,0.9380805087
4838,Doris,Hoggan,0.5175820801
5954,Christopher,Birchfield,0.5623640227
2121,Adela,Wilham,0.8681848992
5563,Dorothy,Buckley,0.6528321155
4514,Henry,Taylor,0.0703465596
4787,Cameron,Reynolds,0.8166739168
5719,Kimberly,David,0.4777266448
789,Helga,Willman,0.6140185287
9932,Dianne,Hawley,0.7255208765
3600,Thomas,Boyles,0.8330273705
5344,Deborah,Bier,0.0278496649
3016,Jeffrey,Marshall,0.0097285949
8243,Roger,Bell,0.3736425252
3627,Joe,Butera,0.6156342553
5785,Sandra,Poplar,0.7465845218
8855,Hugo,Fowler,0.8755292359
1333,Jaclyn,Johnson,0.8170720891
2777,George,Cook,0.7476658665
980,Matthew,Minor,0.1886153987
2348,Merrill,Gibson,0.3704859864
4760,Lillie,Greeley,0.2288561824
5566,Beth,Lynch,0.9810972044
6902,Lauren,Durand,0.5151275401
454,Lynn,Pacheco,0.4814455048
4967,Joseph,Newton,0.3237971051
1132,Merle,Collins,0.7133207959
6094,Brendan,Mitchell,0.0769578153
3296,Travis,Pickering,0.6972056949
9986,Jesse,Valdez,0.5318975304
146,Dave,Cunningham,0.5660289272
8033,Roberta,Bryan,0.850204323
2502,Paula,Wright,0.1326616663
715,Jennie,Taylor,0.7106224736
170,Ivan,Fendley,0.8485501742
389,Gloria,Young,0.2974367989
9446,Bernarda,Jackson,0.2274351337
2516,James,Quan,0.8279040926
8732,Eugene,Johnson,0.0128130394
8723,Lillian,Banks,0.6010618499
4184,Louis,Oyola,0.4729844106
3068,David,Younker,0.3181951244
6551,Charles,Fournier,0.8996995664
6539,Joshua,Barbee,0.4888330332
6927,Beatrice,Blackburn,0.8457861322
8886,Ezequiel,Gaddy,0.1526504194
6727,Wayne,Frank,0.9998237414
8471,Eloise,Miller,0.2491310842
1869,Barbara,Randall,0.1651236364
4132,Dorthy,Wear,0.2304486355
6068,Margaret,Harriss,0.4649783771
1123,Robert,Balas,0.2913463903
1142,Philip,Letcher,0.9432386511
4475,Marie,Sammons,0.834341801
8215,Donna,Wirth,0.5303232071
6232,John,Boyd,0.3849151286
6173,Frank,Rappaport,0.2699817384
3176,Glenda,Allen,0.7772342418
8145,Nathan,Hanson,0.9761535574
3499,Arthur,Velasquez,0.1529312413
9782,Lynn,Serrato,0.5399587257
2729,Wayne,Valentine,0.8051288961
4206,Florence,Holcomb,0.3155912708
1785,Barbara,Fontaine,0.338693751
3442,Linda,Schwartz,0.9328625365
9188,Terry,Tamura,0.4182554646
1478,Mohamed,Fuchs,0.9781196236
8249,May,Salinas,0.4666058903
5016,Stanley,Albrecht,0.9967369374
614,Jacqueline,Ginder,0.0612539498
6912,Michael,Moroney,0.4662115013
8197,Susan,Rentz,0.0589456367
8117,Lonnie,Hayes,0.9101756674
2176,Lisa,Turner,0.6196857553
2316,David,Mundy,0.7022987672
878,Daniel,Morrow,0.0058419472
9648,Michael,Pederson,0.362160556
8516,Claudia,Cohrs,0.3109761323
2280,Michael,Williams,0.9458880038
2900,James,Kowalski,0.4464612082
3466,Eugenio,Dockins,0.1480239278
6034,Christine,Smith,0.5192665432
1957,Lillian,Cuevas,0.1310957382
865,Benjamin,Scott,0.3133201948
379,Kirk,Burton,0.4440538895
4031,James,Rubin,0.3792828578
8767,David,Kling,0.9853233965
7976,Karen,Mcdonald,0.152840432
5608,Barbara,Robbins,0.5834461616
1612,Lee,Wagner,0.4778136613
8993,Elliott,Mckinney,0.6305101058
8443,Sabrina,Robinson,0.713230504
5481,Ingrid,Ramirez,0.1991266352
3191,Cindy,Montez,0.3429981237
8915,Elizabeth,Mattos,0.6700744014
5011,Cindy,Dionisio,0.6747938236
4908,Dodie,Hernandez,0.6959334414
537,Kendra,Bailey,0.8125733316
5086,Carol,Clark,0.487273941
3608,Autumn,Becker,0.8427678519
9404,Francis,Warren,0.4153772995
9497,Kassandra,Fields,0.122371471
5529,Nathan,Smith,0.9113133403
190,Christopher,Eller,0.079455273
3726,Danny,Elder,0.4629851682
8387,Natacha,Gantz,0.1296052681
9338,Cecil,Thorton,0.4176643176
7508,Brett,Sumpter,0.3898806793
6309,Nancy,Mcgee,0.7402640171
3866,Juana,Flynn,0.9038209214
1739,Theresa,Powell,0.7147913163
3419,Alfred,Mueller,0.1382077856
3470,Hannah,Glass,0.0050201777
742,Jessica,Rush,0.6339963784
1453,Shannon,Nalls,0.2619509986
4151,Lula,Delvalle,0.1012410244
1164,Timothy,Freeze,0.9888482871
8598,Antwan,Morse,0.5622361521
6129,Renee,Bernier,0.0551200721
5124,Jaunita,Bailey,0.6985909543
1456,Sharon,Moseley,0.5671788771
9472,Ruben,Goodwin,0.1131428853
3965,Stephen,Harding,0.0863572203
9929,Shane,Gallegos,0.4857620951
6571,Juan,Williams,0.6143283234
5701,Jermaine,Witter,0.7385164818
7474,Rosalee,Haughton,0.7110590902
3049,Lakeisha,Dotson,0.9379181764
3425,Sandra,Harvey,0.9236394966
3277,Josephine,Ford,0.965604601
4197,Evelyn,Jarboe,0.6912238551
4558,Charles,Mcadoo,0.1597881033
4014,Sandra,Fredericks,0.2142131778
158,Roy,Garner,0.6183683281
9903,Maria,Valdez,0.9933494397
6997,Coral,Esposito,0.2998406999
4861,Katherine,Slavens,0.328003203
7088,Mike,Robinson,0.2214868541
1523,Cindy,Holmes,0.5791821408
3929,Ronnie,Allen,0.078375669
1364,Helen,West,0.0414811904
1747,Mary,Brittain,0.8759425115
1163,Josephine,Davis,0.8946230775
8853,Sylvia,Loyd,0.2987126771
1764,Frank,James,0.2505105434
3767,Marcia,Fulmore,0.7552528793
5985,Jeremy,Brown,0.531478225
4390,Terrell,Gayle,0.0985817697
4064,Damien,Moorer,0.1428104807
7822,Gary,Nance,0.6642604726
9362,Roy,Ruis,0.2848135086
3994,Steven,White,0.2164004177
2217,Paul,Carlisle,0.5172705359
4170,Patricia,Sherrod,0.8420175971
6092,James,Wheatley,0.6563083292
9056,Jennifer,Schell,0.2456610855
1907,Audrey,Entwistle,0.059208055
3303,Katherine,Gettinger,0.0707628392
9271,James,Bowens,0.5567909367
3444,Edward,Musgrove,0.4685134394
6855,Sheree,Askew,0.9409417191
4420,Brenda,Jenkins,0.0768973094
8787,Kelly,Campos,0.3451259346
8336,Mary,Mcardle,0.7228526163
2925,Floyd,Diaz,0.8987789387
6573,Jessica,Smartt,0.3596103333
5984,Serena,Blakely,0.8328517256
8683,Gregory,Landreth,0.8140178244
17,Carolyn,Hudson,0.097025157
2127,Fernando,Perez,0.4529437926
262,Victor,Reed,0.541346468
5183,Megan,Smith,0.7388113646
3564,Edward,Hagen,0.3527480257
5658,Anna,Chatman,0.340843501
8618,Thomas,Bingham,0.675746263
7551,Allen,King,0.5806446639
1011,Jonathan,Ramirez,0.6141680041
2712,Sandra,Coronado,0.5093155606
4243,Michael,Hancock,0.8340078276
2315,Mary,Romero,0.8539425854
4448,Regina,Pullins,0.7702982954
3040,Lester,Garcia,0.0842266164
9783,Jill,Hudson,0.4634858454
7751,Roy,Hudson,0.8309731043
113,Kerri,Hare,0.2529398205
8462,Chad,Golden,0.5720467567
6184,Linda,Wolf,0.7667635714
9049,Annette,Kirk,0.1787710534
7687,Robin,Bales,0.2016077873
4491,Arthur,Dennis,0.0029418091
4702,Gary,Smiley,0.306652636
8815,Ray,Seibert,0.2565013762
7305,Tiffany,Peterson,0.3513639367
8916,Jeanne,Chapin,0.539484869
5960,Jacqueline,Lopez,0.8785764482
3714,Thomas,Houck,0.4745606219
4916,Dennis,Lewis,0.6091409822
6680,Marshall,Carberry,0.4906093867
1359,Josephine,Buzbee,0.4867154846
6744,Richard,Stewart,0.9654271614
9696,James,George,0.5228964027
166,Richard,Smart,0.1903733881
3649,Brian,Lewin,0.5989929221
6077,Peggy,Love,0.1295462577
9570,Krysta,Ratliff,0.8077552002
660,Robert,Peterson,0.2154696935
913,Mario,Whitman,0.1566041757
5726,Verna,Beggs,0.6256738971
8792,Joyce,Dean,0.3663702211
5436,Debra,Torres,0.4593811342
8283,Paula,Martin,0.7044616761
6796,Brandon,King,0.9580297945
2373,Regina,Mccoy,0.5888157531
5688,Lorenzo,Lauritzen,0.9104450122
7490,Jason,Gaines,0.0346187821
7815,Edward,Garcia,0.0440319485
932,Kathryn,Myers,0.9544740103
7374,Patricia,Mcadams,0.5277662815
1241,Gerald,Rousey,0.0859331666
7215,Sarah,Smith,0.7438221772
5748,David,Parker,0.0578281456
9540,Warren,Cromer,0.3196245644
9567,Mary,Gross,0.7249799115
7871,Dorothy,Stang,0.1399086141
2754,Stanley,Hernandez,0.0945234771
4011,Jonathan,Hodo,0.6699605836
5122,Kathryn,Hammons,0.8956575375
9875,Josephine,Layden,0.2699385176
157,James,Burton,0.4178678147
8991,Brenda,Blue,0.6906603419
2722,Donna,Fields,0.1881949517
6189,Gloria,Hartmann,0.257771235
3518,Alisa,Harris,0.4725147316
8542,Catherine,Perrigo,0.7858768778
1775,Sheryl,Thompson,0.0840323453
4579,Joseph,Bates,0.3581979168
131,Krystal,Schneider,0.0149522645
6528,Darren,Dulac,0.7066929606
8027,Jose,Hammonds,0.3130160882
3835,Estell,Woodberry,0.4098827376
7343,Jerry,Hess,0.1557139419
1763,Dovie,Ellison,0.9072570342
2142,Retta,Foust,0.7525622007
4177,Luella,Jolliff,0.6517899351
3874,Ashley,Hance,0.22639522
8173,Sandy,Shirey,0.8766538
4554,Stephanie,Morgan,0.7360448777
1371,Pearl,Gallego,0.0696324478
6909,Christopher,Wilson,0.9118835644
2302,David,Starkes,0.9673421911
4592,James,Mouzon,0.8380011329
1689,John,Smith,0.8824581299
9439,Clifton,Mckim,0.1558942664
9257,Tiffani,Wheeler,0.2661325235
9302,Tyrell,Castaneda,0.5406946265
705,Gloria,Schmidt,0.3291778581
4208,Charles,Mccleskey,0.9315660102
2655,Lillian,Lindstrom,0.0709990924
5125,Steven,Camp,0.4029915913
4808,Jeremy,Plascencia,0.7231819241
8682,Irene,Boatright,0.1393283983
7321,Jamie,Rolland,0.0791338612
5617,Kenneth,Meyer,0.8850983055
6128,David,Dennison,0.2982476442
4123,Lori,Borders,0.0866437417
2681,Richard,Ouellette,0.6394169666
4165,Yolanda,Pirtle,0.506332393
5528,Candice,Ortiz,0.194433646
4345,Roy,Roberson,0.3533932709
1152,Michael,Farrell,0.4717989545
6181,Sherry,Corona,0.0379029047
132,Norma,Brown,0.7702090347
6844,Walter,Rodriguez,0.4257359952
2164,Linda,Marini,0.6923491152
1187,Emil,Moreno,0.0052869762
136,Richard,Bjorklund,0.8095814474
3172,Patty,Carron,0.148550312
6295,Viola,Ellis,0.7487951224
4894,Walter,Farmer,0.3533096504
2195,Robert,Olson,0.1978099896
8139,Faye,Harris,0.7267651402
4521,Livia,Grimm,0.4720180985
2183,David,Russ,0.82817646
1579,Edward,Hogan,0.1498485077
5603,Shaina,Christensen,0.1420530675
762,Leslie,Fleck,0.8949863198
5752,John,Bauer,0.7731482834
7496,Jamie,Beall,0.2173279049
6039,Louise,Long,0.7540350459
9559,Lisa,Rose,0.9905888028
8838,Helen,Vidaurri,0.7061685491
3633,Ernestine,Frizzell,0.9918532572
5795,Vonda,Gold,0.26455901
1944,Kimberly,Puckett,0.2455984722
8405,Danielle,Jackson,0.3757835357
401,Louis,Wiese,0.0196432646
9448,Michael,Ward,0.9532393941
5070,Noriko,Reed,0.537257659
5492,Marylee,Colucci,0.7619352718
9799,Christine,Garland,0.3830567296
5639,Mark,Cashwell,0.793492116
8148,Leroy,Delarosa,0.5721534619
7835,Marion,Johnson,0.2207183565
7053,Suzanne,Fontenot,0.5586935454
8446,Rachel,Eversole,0.2354857437
587,Thomas,Meas,0.7505531528
2874,Donald,Hall,0.9577240192
1510,Karen,Wallace,0.9642721098
505,Mildred,Christensen,0.6958448165
6396,Ronald,Fountain,0.7952859027
7767,Carlos,Price,0.1846397254
155,Joshua,Smith,0.0157399774
451,Samuel,Larson,0.5970483467
5298,Eric,Garner,0.2020407307
3297,Tyler,Leone,0.2025931512
2917,Alyce,Leonard,0.0755566242
1461,Lauren,Mchugh,0.3232898654
198,Michael,Torres,0.4126961513
3653,Dorothy,Wiser,0.6847427527
912,Jimmy,Hutchins,0.3546933159
2576,Caleb,Tompkins,0.1510943151
8846,William,Bobbitt,0.7557357021
9166,Justin,Price,0.682151489
5851,Sandra,Washington,0.0763263302
2745,Mary,Cotta,0.8756363748
4251,Denny,Shannon,0.7258807498
7790,Henry,Johnson,0.0338212166
7520,Natasha,Edwards,0.1593693772
3233,Joseph,Landrum,0.9885847284
7069,Ruthie,Marshall,0.8249409944
9489,Michele,Moore,0.3888618958
1125,Eleanor,Wahl,0.0190943575
2472,Luis,Magill,0.7901176764
3160,Michael,Davis,0.2143027752
4037,Tony,Gray,0.391655297
8161,Pedro,Herrera,0.1358428195
5064,Theodore,Vann,0.6722517514
2776,James,Fitzpatrick,0.8983832162
6597,Gerald,Smith,0.9603327971
5916,Kelvin,Johnson,0.9613086989
3630,Zachary,Chaney,0.6693502518
4699,Mable,Morgan,0.323204136
535,Ronald,Morris,0.7104372939
4263,Thomas,Goforth,0.1509589513
8312,Lillian,Johnson,0.6617648078
9335,Eugene,Cook,0.9047446887
4027,Edith,Malkin,0.8325070718
5589,Kenneth,Myers,0.2139956853
2640,James,Leonard,0.3291143745
6525,Stephen,Wyrick,0.6673273088
4000,Nena,Pleasant,0.2912231642
8245,Gail,Prosser,0.4232827988
7938,Geneva,Campos,0.7611369351
478,Donna,Turner,0.3052532414
8703,Traci,Burke,0.7698194173
9051,Candace,Cook,0.9900250903
4673,Maurice,Perry,0.0013069366
2861,Lloyd,Kennedy,0.14500037
1719,Diana,Gibson,0.9252333071
7903,Alice,Strauss,0.8700119886
2693,Bernard,Barbour,0.978054127
2759,Sally,Mccrae,0.2572281619
8931,Ethel,Mcguire,0.0116928737
2667,Meagan,Hubbard,0.5409639517
2822,Mitchel,Davis,0.204972517
3705,Tracy,Dotson,0.0785761457
1858,Dorothy,Hudson,0.5641139653
8731,Ramona,Webb,0.5926127387
536,Mary,Wellington,0.9928280204
5820,Delfina,Jenson,0.5415795718
2885,Randall,Barry,0.9828639145
5735,Daniell,Osborne,0.043539718
4562,Dorothy,Delavega,0.0513054912
3171,Ron,Robinson,0.5733500693
3525,Wilbur,Sanchez,0.2973852844
2682,Olen,Hamlin,0.2638974513
6073,Susan,Felix,0.415103948
3667,Ronald,Burton,0.5771652218
9248,Tracy,Spencer,0.8917895304
547,Frances,Anderson,0.0587337716
731,Jonathan,Lopez,0.6660582544
7585,Anthony,Dobbins,0.6988906497
5038,Mary,Magana,0.5985064129
8146,Pearl,Epperson,0.2750267913
8321,Sharon,Thompson,0.3484938268
8492,Veda,Powers,0.9897971861
5750,Abigail,Roach,0.4503597976
1887,Charles,Hoffman,0.7118677509
7773,Viola,Garst,0.7628424144
3530,Brian,Beeson,0.47321655
643,Chris,Buck,0.3626476028
7383,Linda,Seaman,0.2018242721
5930,Debra,Jordan,0.8798203005
6564,Michael,Willis,0.0200260468
9615,Richard,Hargrave,0.5921130718
5689,Laura,Lewis,0.1693953956
5607,Joe,Powell,0.0993447073
2158,Larry,Sand,0.3789658311
6006,William,Wardle,0.8724850323
9109,Brian,Newberry,0.9868835078
6737,Kevin,Payne,0.7575448216
517,Raymond,West,0.9282993127
7315,John,Huls,0.5868929906
4588,Herbert,Schroyer,0.5818439925
6821,Rachael,Collier,0.084794366
9671,Lucy,Patterson,0.9402385857
7213,Steven,Fruge,0.4419505347
683,Erica,Latour,0.3101607282
5323,Judy,Smith,0.8855770119
3180,Mary,Nickel,0.1090658549
2914,David,Johnson,0.1509379176
9769,Glen,Webster,0.3388550496
8062,Ricky,Wenger,0.0553399464
3257,Carol,Bryant,0.463922512
9103,Robert,Prestwood,0.1198542689
9961,Henry,White,0.7405722509
7834,Susan,Edelman,0.1179605301
4193,Andrew,Bush,0.5541264222
1894,Joshua,Wallen,0.4617512729
3962,Maryann,Han,0.736778337
2331,Lillian,Hoover,0.2365319738
2381,Virginia,Bartlow,0.4378545366
7645,Ralph,Cline,0.1487361498
5188,Carla,Chu,0.5896599737
5663,Brandon,Moultry,0.6228927914
4285,Cicely,Randolph,0.3457188909
3024,Ashley,Williams,0.7995570905
7393,Theodore,Stoneman,0.9538820372
4786,Gregory,Bolinger,0.2826804947
5500,Thomas,Jackson,0.2383636595
759,Amanda,Helsley,0.310967261
5568,Robert,Dutil,0.7910193147
2590,Glenda,Payton,0.1682320421
3400,Mary,Duncan,0.9857843849
3586,Frank,Whitlow,0.0282498244
5815,Lisa,Day,0.4967004121
3846,Charles,Edwards,0.9335190342
6824,Joseph,Jensen,0.9311729972
5876,Mary,Tung,0.4286123207
7308,Edwin,Torres,0.5325489477
4006,Kathy,Benjamin,0.4922171291
4346,Martha,Parker,0.5137355139
8428,Sharon,Mack,0.5434787227
9464,Tabatha,Keith,0.2536915815
107,Edward,Deering,0.7346170612
6759,Ronald,Wright,0.1708891455
4616,Robert,Jelks,0.7400086781
9459,Richard,Mendez,0.9429870993
580,Mary,Ingram,0.1758310797
1660,Jessica,Russell,0.0900849823
9231,Anthony,Barnhart,0.8732972124
2086,Lowell,Cannon,0.170864128
8176,Dorothy,Reid,0.8032982254
5859,Emanuel,Snodgrass,0.542053102
7112,Richard,Ybarra,0.4391343819
4655,James,Jordan,0.9278434359
6515,Connie,Powers,0.8978325636
7656,Robert,Fair,0.7386052825
5941,Anthony,Johnson,0.8050748329
2318,Matthew,Kwong,0.083536295
2414,Donna,Barb,0.0438553274
8332,Ruth,Black,0.0433326568
213,Damaris,Frank,0.5804792028
722,Juan,Mccormick,0.7322221375
1331,Betty,Evans,0.3309761758
999,Maria,Gilliland,0.064897696
5901,Mattie,Richardson,0.7039460442
110,Doris,Hunter,0.329024035
7301,Carol,Reed,0.6954378607
8458,Sandra,Avila,0.7068824992
6395,Laura,Kennedy,0.7276254934
4764,Rosemary,Cline,0.9744793877
2602,Pauline,Garcia,0.093882876
3813,James,Carpio,0.3593202378
960,John,Hunter,0.8620166488
5375,John,Will,0.0580589229
1925,Alan,Edmondson,0.7401910166
1983,Priscilla,Melton,0.203608356
5990,Ronald,Williams,0.8228541606
2157,Janice,Schell,0.6455523646
2207,Eddie,Brooks,0.6813243374
257,Justin,Fontana,0.6668860491
2481,Mildred,Doyle,0.4991561268
1552,Johnnie,Hargrove,0.9422874593
86,Michael,Harris,0.4379653537
6602,Alice,Webb,0.4546354716
8284,Jeanette,Gregory,0.9288939752
7397,Jesus,Beal,0.4097073097
9232,Kaye,Sherwood,0.1902850762
4286,Martin,Price,0.9232247802
441,Jessica,Ponder,0.182451189
3859,Lillian,Valenzuela,0.5107889203
8225,Leslie,Rodriguez,0.4301449321
6075,Cindy,Smith,0.5243040284
1720,Terry,Bigham,0.1981852991
2132,Lynwood,Walton,0.4017142698
3310,Linda,Hartman,0.6642595616
4737,Ethel,Swisher,0.5058658228
1194,Rita,Garcia,0.9428587202
7176,Victoria,Smith,0.0567694954
8934,Janice,Jones,0.8182482002
7987,Stanley,Buckler,0.9555276546
8964,Felipe,Garcia,0.8253820885
7539,Beth,Friddle,0.288402833
7866,Ruth,Patterson,0.7732003306
8913,Mary,Morales,0.6112635175
4289,Richard,Bowen,0.6236477564
9632,Monica,Lombardo,0.9478031136
2584,Carl,Thompson,0.8933644562
5853,Paul,Hogan,0.8180576286
8744,Larry,Noone,0.0679605138
9977,Patrick,Finnie,0.167001328
2430,Donald,Brown,0.8287309802
1587,Sandra,Moreno,0.7796718383
5787,Duane,Stanley,0.9709725487
2226,David,Lovelady,0.8734886588
4601,Elton,Fredricks,0.1053210101
1040,Maurice,Crawford,0.2020768456
9344,June,Mcfarland,0.3284523787
3550,Annie,Lay,0.8773135112
8980,Marjorie,Locke,0.0206538436
553,Joseph,Ruble,0.0743538695
985,Johnnie,Rikard,0.6364617846
1184,Ernest,Kammer,0.578847989
4328,Janice,Davis,0.7687165821
1930,Christopher,Gerard,0.9834151478
7481,Scott,Atchison,0.3621336275
6148,Velma,Oxford,0.4859195873
7046,Paul,Bernardi,0.3408085341
8199,Mary,Sutton,0.2897367598
9066,Eddie,Hatchett,0.8982483842
7421,Natalie,Snyder,0.607292783
6524,Luz,Salters,0.6261060345
2165,Robert,Johnson,0.7461393981
6763,Randy,Baptiste,0.2320115622
3029,Mercedes,Lindberg,0.9877444748
7089,Jessica,Watt,0.2628635187
7406,Adam,Bissell,0.4836041653
3269,Tammi,Pressley,0.6277556357
8503,Chris,Llewellyn,0.2905395429
7209,Rose,Sewell,0.4867998918
1229,Tina,Dunkle,0.5320802846
7472,Teresa,Riddle,0.3688154691
2356,Mary,Richardson,0.8457871636
4847,Earl,West,0.1418801551
7510,Donny,Brooks,0.9433709858
3463,Steven,Muse,0.1877083459
1599,David,Robinson,0.5221835733
1790,Gloria,Fontenot,0.5725410858
9440,Judy,Martin,0.9539989829
48,Brenda,Gray,0.3730497679
882,Mayme,Brousseau,0.1748381928
651,Beulah,Weatherholt,0.5260143979
5774,Tiffany,Holt,0.4290601381
812,David,Clark,0.9894872506
7577,Rebecca,Ashley,0.5744187217
2556,Harold,Gardner,0.8553704824
5461,Theresa,Cruz,0.0849758256
4858,Eileen,Chartier,0.9818064861
1603,Richard,Branch,0.5994380331
2845,Joyce,Jones,0.4847945825
4160,Judith,Nelson,0.3106292579
5373,Brittany,Vallejo,0.6160745295
4643,John,Mccoy,0.538615572
84,James,Shellenbarger,0.5421169687
7509,James,Moore,0.5069918251
482,Jean,Medina,0.0387214513
3963,Elsie,Davis,0.1552150371
8902,Keneth,Butler,0.1585376957
9214,Kathleen,Washington,0.4996582323
1852,Damon,Tsao,0.8840767131
5479,Daniel,Williams,0.6526011315
7471,David,Champine,0.7204678424
7937,Sandra,Serrato,0.7755671174
4937,Edna,Caruso,0.3231147553
5146,Brandie,Schacht,0.4953214363
484,Catherine,Robinson,0.4245184967
3476,Patrick,Cates,0.0076414212
9321,John,Degraffenreid,0.6486112189
2419,Anthony,Quillen,0.0795311222
205,Sara,Gallardo,0.6252115157
6911,Michael,Griffin,0.910215898
8513,Claretha,Culver,0.230974715
9430,Theresa,Estrada,0.9788946938
1203,Darlene,Burt,0.2899064198
5632,James,Anderson,0.7750714745
6703,Barry,Fritz,0.6865146204
550,Christine,Brown,0.4504108799
6830,Jonathan,Phillips,0.7529124378
2254,Jose,Durbin,0.7720490827
9784,Todd,Gilmartin,0.8192002724
5873,Sue,Hubert,0.7903610172
4822,Ana,Mcnamee,0.9542015248
3261,Ryan,Walters,0.3047196902
8424,Angela,Shively,0.4526017751
214,Charles,Goff,0.894070986
1167,Isabel,Spencer,0.6288853684
8539,Susan,Ward,0.8261550169
1256,Mary,Ziegler,0.7850837689
5061,Jeffrey,Jamison,0.071317554
3195,William,Felton,0.9773452028
1072,Dale,Hoffman,0.5088940831
5158,Nancy,Speer,0.6066503657
4641,Kyle,Wallace,0.7226608787
7484,Rebecca,Nixon,0.1096672725
8227,Susan,Coe,0.3795936008
194,Charles,Jennings,0.32580793
4207,Tomas,Mcdonald,0.4758855882
9997,Jennifer,Andrews,0.2800220994
432,Robert,Nye,0.0724628419
9526,Benjamin,Hornick,0.6034359268
2324,Clint,Valentin,0.0599464788
6588,Luther,Long,0.8677344455
2160,John,Goods,0.1022133718
3857,Faith,Gonzalez,0.9376379426
8799,Elizabeth,Corrales,0.7585859781
3773,Stephen,Taylor,0.3485855253
3860,Louis,Fullmer,0.5790762892
123,Joshua,Griffiths,0.1714977729
3609,Peter,Walker,0.5060425876
4978,Linda,Truex,0.611632745
4294,Michael,Robinson,0.7875899989
645,Robert,Santiago,0.2876449968
6882,Martha,Anderson,0.746920835
3271,Eula,Johnson,0.9240777965
8209,Lillian,Faulkner,0.1620634925
6436,Althea,Fleming,0.390991383
4929,John,Hunt,0.3008486594
6331,Mark,Bergman,0.1662695499
4019,Francis,Rice,0.178227657
6206,Raymond,Barnhill,0.8876205634
9171,Rachel,Brown,0.7702802634
656,Tami,Fisher,0.5666099309
5430,George,Grimm,0.0082188197
5433,Mark,Tucker,0.2772543968
4485,Ima,Bradbury,0.5564596187
5288,Jessica,Woods,0.1105028577
2088,Mike,Posey,0.1114440276
1859,Patrick,Green,0.9674211778
3690,Ashley,Flores,0.6263439432
8627,Marcos,Byrd,0.7993056898
5858,Jerald,Allums,0.8266369428
709,Wayne,Avila,0.1207114568
2579,Garry,Miller,0.950952125
5381,Martha,Smith,0.1008401497
5644,Stella,Parr,0.6100358311
5119,Robert,Ruhl,0.1106072697
9968,Gregory,Henry,0.8427852343
1877,Millie,Fuentes,0.7089763789
8541,Esperanza,Gonzalez,0.343465369
1812,Ethel,Talavera,0.4785507412
6692,Shanon,Mendez,0.6357883527
2902,Frank,Smith,0.1962626448
3935,Paul,Barajas,0.2431051102
3395,Joan,Cobb,0.8112105373
1629,Forrest,Thompson,0.4119087295
8885,Carrie,Cassady,0.8402341898
9111,Jerry,Desroches,0.8185831786
2067,Joe,Gomez,0.5513401751
9942,Robert,Davis,0.6091949693
1860,Lois,Webb,0.3334688907
1643,Julia,Brown,0.8789824916
9238,Melissa,Howard,0.1525955093
85,Lorraine,Elrod,0.4185714945
1901,Margaret,Bryant,0.8587915841
7280,James,Brennan,0.7556608317
5155,Leslie,Gott,0.2287463902
3226,Kristine,Reed,0.4140111762
1846,Ronald,Kelley,0.7066924479
5418,Myra,Dixon,0.8379069914
4163,John,Robinson,0.2145700175
4920,Manuel,Gonzalez,0.2083895032
9308,Audrey,Phillips,0.0769483321
5075,Marsha,Mason,0.7298457292
7065,David,Werner,0.8476223545
2425,Julia,Gebhardt,0.3421230018
7099,Wilson,Hunter,0.5875587203
7137,Jessica,Williams,0.2098472849
1530,Sandra,Johnson,0.3149592923
9865,Deon,Walston,0.0191795281
2520,Willie,Edwards,0.1878229808
4676,Hazel,Noland,0.4670831061
6626,Paul,Zimmerman,0.2032135753
6954,Anthony,Stewart,0.4496932463
5995,Henry,Parker,0.1819874505
4222,Santina,Hendrix,0.5681146323
8275,Jennifer,Music,0.5281615499
5239,Amanda,Golden,0.9052066423
5880,Aubrey,Jones,0.7608865888
5446,Eugene,Driskell,0.630271218
5829,Hazel,Cleveland,0.0549212918
7644,Valerie,Ortiz,0.8046356321
1260,Deborah,Matthews,0.159535591
8384,Janet,Samuel,0.5530860168
3097,Robert,Oliver,0.8608927533
3870,Ralph,Drake,0.3247702541
5314,Craig,Castro,0.7151598292
4305,Linda,Terry,0.7907639681
3770,Michael,Don,0.0043101364
2224,Shirley,Chamberlain,0.5753039694
3681,Ramona,Rueb,0.2683347929
2015,Anna,Johns,0.8960927466
9757,Jennifer,Schwager,0.6526698908
9553,Susan,Clow,0.1317366157
2860,Denise,Gonzales,0.846460585
6101,Helen,Gomez,0.1468552949
2482,Percy,Estrella,0.2852210351
4128,Maria,Kim,0.9034628358
5956,Yvonne,Rodriguez,0.3167328062
5586,Silvia,Bortz,0.7969006391
7409,Douglas,Garcia,0.2383122831
1343,Leann,Williams,0.533543288
4695,Mark,Jones,0.5382176738
8711,Shirley,Lewis,0.3344959163
3764,Jeffrey,Swanson,0.8438554404
8274,Edmund,Lawson,0.3905242137
3751,Carol,Lowe,0.4251088542
6065,Wayne,Cooley,0.1563406072
9658,Troy,Albright,0.0992509981
7051,Thelma,Hudson,0.3289157252
4218,Emma,Ely,0.5140143584
6054,Terry,Tonkin,0.7172215488
7257,Misty,Lee,0.4941441761
1986,Jamie,Evans,0.4812640692
6170,Christopher,Mitchell,0.2373475642
2857,Mary,Russell,0.8599362818
9801,James,Bowman,0.7126100673
979,Brenda,Parks,0.4258896178
5213,Marcella,Mccleskey,0.7825744613
9883,Kyle,Peterson,0.9189763346
7047,Carol,Faber,0.9394886277
4827,Richard,Lassiter,0.9475297621
8678,Catherine,Enciso,0.5026221499
2707,Edward,Kissell,0.1184191001
4226,Mildred,Reade,0.683461461
3079,Henry,Ennis,0.0846091118
1385,Almeda,Mosley,0.9521802787
5817,Robt,Cox,0.0687647352
2532,William,Ortega,0.69500489
4687,Lena,Roland,0.3261094661
1688,Bruce,Murry,0.474505079
2804,Kimberley,Johnson,0.6901952196
1313,Farrah,Chavez,0.5378427552
9534,Thomas,Letchworth,0.2047423036
4249,Wilbert,Brown,0.2591459206
6158,Annette,Johnson,0.4003183576
4335,Sandra,Dietz,0.2222614784
7757,Carl,Gamble,0.150902573
3934,Otto,Kemp,0.6014556582
5409,Glenn,Rose,0.9025101862
9204,Dana,Garcia,0.2793662986
7011,Teresa,Harrington,0.8227338858
330,Lucinda,Boll,0.4888538118
9262,Jane,Lee,0.3651938746
4152,Eve,Crews,0.392033441
3178,Mildred,Hearn,0.2632889452
7081,Walton,Littlejohn,0.9166476326
2358,Gertrude,Clifton,0.0202805446
3157,Dennis,Friend,0.611403245
3862,Carmen,Sandoval,0.9225412782
7816,Katherine,Pomerleau,0.6704449807
740,Jon,Reed,0.3765187042
8632,Robert,Reid,0.2702807102
5168,Nancy,Morales,0.7164858971
5600,Barbara,Bond,0.7230747894
1772,Blanche,Nielsen,0.5977635044
2084,Alonzo,Perez,0.6241485947
5280,Paul,Payne,0.5717284337
4831,Tosha,Russell,0.767525566
4176,Tina,Campbell,0.9081744836
8070,Edward,Creech,0.370427923
8272,Lee,Vaughn,0.4310667953
9303,Penelope,Mckenzie,0.5413806883
8856,Sherri,Gomez,0.2352174083
5053,David,Hester,0.1272226868
8217,Frank,Ivy,0.4439105985
7595,Angel,Lewis,0.8175422773
2161,Kelly,Nichols,0.5284403835
894,Natalie,Harris,0.7607136755
5304,Michael,Smith,0.1045888776
7237,Erin,Prince,0.6233711368
6523,William,Pinson,0.5698570344
7778,Amanda,Harvell,0.4953787865
281,Melvin,Whitehouse,0.1950739317
6645,Francisco,Taylor,0.6383638224
9431,Robbin,Dinsmore,0.531032112
9596,Jonathan,Wise,0.8663120521
6316,Pam,Plaisted,0.6141037268
5517,Mary,Estes,0.8859009848
2924,Connie,Herrington,0.0882893032
3821,Margaret,Williams,0.760496479
2259,Chadwick,Patten,0.1059487066
2166,Lawrence,Brown,0.5435999162
6074,James,Pridmore,0.5490780014
2229,Liza,Masters,0.9282429058
7692,Brenda,Richardson,0.4630637944
4568,Phillip,Hurley,0.6137293743
1116,Charles,Leonard,0.8584881451
1128,Virginia,Miller,0.0749228613
9410,Ollie,Smith,0.7526895034
6086,Lee,Cummins,0.4343189443
9003,Mike,Harrison,0.0578421541
5963,Brooke,Washington,0.0498205109
8878,Paul,Payne,0.6553573182
8266,Sandra,Kim,0.4863808292
3007,Jessie,Buchanan,0.3296550403
625,Bailey,Alonzo,0.8091996424
4662,Gary,Cromer,0.3976484397
3224,Christopher,Clark,0.6122400656
2715,Daniel,Lane,0.1060299373
8648,Willie,Fraser,0.3883915241
4026,Tara,Benton,0.1393353059
8398,Keith,Cofield,0.1735851304
8349,Leon,Brown,0.0999300648
8169,Courtney,Langford,0.9753715477
5805,Keith,Crawford,0.9994002231
5117,Kurt,Cantero,0.9334270472
9991,Latoya,Cortez,0.7528056547
5088,Patricia,Davis,0.262826124
7525,Helen,Turnbow,0.4418234148
2097,Doris,Parker,0.3334289601
1718,Juan,Morrissette,0.5720479281
6216,Clifford,Diaz,0.5989445334
6977,Erica,Moore,0.3314395628
9702,Robert,Brown,0.0389911938
8998,Emma,Simmons,0.5939996801
9813,Andrea,Thomas,0.9046391295
6623,Timothy,Mcguire,0.6550620419
7124,Audrey,Alejos,0.8351634424
5593,Diane,Torres,0.4896091814
2332,Earl,Bell,0.8227027832
1726,Melissa,Quinn,0.1442951201
2634,William,Baker,0.3909071039
4200,Marian,Williams,0.9934698385
2468,Clifford,Thomas,0.5460744684
6231,Jennifer,Mccauley,0.142382018
1541,Mechelle,Mccorkle,0.3129193406
8114,Terry,Bertrand,0.7512445203
2611,Terri,English,0.2210107958
511,Mary,Keely,0.4165844794
5205,Vannesa,Hubbard,0.5058739563
7925,John,Crouch,0.1525083971
565,Melva,Stjohn,0.5778228117
231,Thomas,Brooks,0.2376994293
5258,Stan,Brown,0.5415623051
5897,Katrina,Zimmerman,0.8108161092
6041,Antoinette,Mendoza,0.4730491987
4334,Edward,Godfrey,0.2588431672
8015,Anthony,Newson,0.8566989126
4463,Eleanor,Moody,0.8760969383
403,Michelle,Walsh,0.6308311648
2686,Mei,Andrews,0.3436092152
1976,Aurelia,Smith,0.1168524236
2683,Virginia,Robles,0.582682194
5705,Nathan,Rosa,0.580225033
4100,Felecia,Retzlaff,0.2429744177
5904,Julie,Romine,0.2280597636
4359,Melvin,Cullinan,0.586240632
5227,Mandy,Mann,0.1504030763
42,Ralph,Ramirez,0.6806475469
2444,Thomas,Neighbors,0.2357790393
3053,Christina,Cline,0.8328261138
4685,Sharon,Cody,0.2842001067
5391,James,Milton,0.0014811791
2770,Thomas,Linker,0.5461305978
2802,Kami,Joseph,0.9374213417
3478,David,Allen,0.7348081544
8928,Michael,Hill,0.0258706666
692,Francis,Cook,0.9062246107
7939,Edwin,Wilson,0.1424954531
5886,John,Arline,0.5934729981
7813,Robert,Okeefe,0.2618168818
7867,James,Doney,0.4866487856
8585,Kelly,Smit,0.2311984324
2306,Paula,Corey,0.7926843166
629,Eric,Baxter,0.0096568335
7281,Sandra,Gregor,0.5966887348
516,Thomas,Pearson,0.2797389703
6283,Mary,Cuomo,0.0281251501
3218,Geneva,Cato,0.9218681976
3966,John,Maher,0.8901820646
2878,Joan,Johnson,0.2653812857
956,Patrick,Peak,0.2516723399
6096,David,Wehr,0.7141387688
1444,Colleen,Lovett,0.6827135494
6800,Julio,Chen,0.5995184504
2031,Sherrie,Stanton,0.5525377034
9846,Beth,Wilder,0.6056770324
9869,Arturo,Ferber,0.6112722284
2269,Donald,Goldsmith,0.2581392429
3581,Loretta,Handley,0.3715203675
7095,Scott,Parisi,0.9648363125
5486,Michael,Muhammad,0.6271221426
3637,Margaret,Jimenez,0.1712605013
2303,Pauline,Moyer,0.3862665552
9001,Hope,Otoole,0.5797998046
5834,Christal,Hoxie,0.6895764568
2496,Mike,Rodney,0.8691238503
8307,James,Cheng,0.6400624861
6051,Marian,Butler,0.481234028
7894,Harry,Floyd,0.1338887142
6186,Bernard,Flores,0.7425177118
7641,Beverly,Bascom,0.8063617265
6711,John,Rosales,0.2915671442
